,Stazione,Data inizio,Data fine,Strumento,PM2.5,Unit√† di misura,F1,F2,F3,F4
0,GIARDINI MARGHERITA,31/12/2015,01/01/2016,FAI SWAM 5A,23.0,ug/m3,,1,1.0,1.0
1,GIARDINI MARGHERITA,01/01/2016,02/01/2016,FAI SWAM 5A,37.0,ug/m3,,1,1.0,1.0
2,GIARDINI MARGHERITA,02/01/2016,03/01/2016,FAI SWAM 5A,39.0,ug/m3,,1,1.0,1.0
3,GIARDINI MARGHERITA,03/01/2016,04/01/2016,FAI SWAM 5A,,ug/m3,,-1,-1.0,-1.0
4,GIARDINI MARGHERITA,04/01/2016,05/01/2016,FAI SWAM 5A,,ug/m3,,-1,-1.0,-1.0
5,GIARDINI MARGHERITA,05/01/2016,06/01/2016,FAI SWAM 5A,25.0,ug/m3,,1,1.0,1.0
6,GIARDINI MARGHERITA,06/01/2016,07/01/2016,FAI SWAM 5A,22.0,ug/m3,,1,1.0,1.0
7,GIARDINI MARGHERITA,07/01/2016,08/01/2016,FAI SWAM 5A,14.0,ug/m3,,1,1.0,1.0
8,GIARDINI MARGHERITA,08/01/2016,09/01/2016,FAI SWAM 5A,41.0,ug/m3,,1,1.0,1.0
9,GIARDINI MARGHERITA,09/01/2016,10/01/2016,FAI SWAM 5A,52.0,ug/m3,,1,1.0,1.0
10,GIARDINI MARGHERITA,10/01/2016,11/01/2016,FAI SWAM 5A,15.0,ug/m3,,1,1.0,1.0
11,GIARDINI MARGHERITA,11/01/2016,12/01/2016,FAI SWAM 5A,7.0,ug/m3,,1,1.0,1.0
12,GIARDINI MARGHERITA,12/01/2016,13/01/2016,FAI SWAM 5A,7.0,ug/m3,,1,1.0,1.0
13,GIARDINI MARGHERITA,13/01/2016,14/01/2016,FAI SWAM 5A,6.0,ug/m3,,1,1.0,1.0
14,GIARDINI MARGHERITA,14/01/2016,15/01/2016,FAI SWAM 5A,15.0,ug/m3,,1,1.0,1.0
15,GIARDINI MARGHERITA,15/01/2016,16/01/2016,FAI SWAM 5A,8.0,ug/m3,,1,1.0,1.0
16,GIARDINI MARGHERITA,16/01/2016,17/01/2016,FAI SWAM 5A,20.0,ug/m3,,1,1.0,1.0
17,GIARDINI MARGHERITA,17/01/2016,18/01/2016,FAI SWAM 5A,6.0,ug/m3,,1,1.0,1.0
18,GIARDINI MARGHERITA,18/01/2016,19/01/2016,FAI SWAM 5A,7.0,ug/m3,,1,1.0,1.0
19,GIARDINI MARGHERITA,19/01/2016,20/01/2016,FAI SWAM 5A,23.0,ug/m3,,1,1.0,1.0
20,GIARDINI MARGHERITA,20/01/2016,21/01/2016,FAI SWAM 5A,35.0,ug/m3,,1,1.0,1.0
21,GIARDINI MARGHERITA,21/01/2016,22/01/2016,FAI SWAM 5A,51.0,ug/m3,,1,1.0,1.0
22,GIARDINI MARGHERITA,22/01/2016,23/01/2016,FAI SWAM 5A,57.0,ug/m3,,1,1.0,1.0
23,GIARDINI MARGHERITA,23/01/2016,24/01/2016,FAI SWAM 5A,54.0,ug/m3,,1,1.0,1.0
24,GIARDINI MARGHERITA,24/01/2016,25/01/2016,FAI SWAM 5A,50.0,ug/m3,,1,1.0,1.0
25,GIARDINI MARGHERITA,25/01/2016,26/01/2016,FAI SWAM 5A,36.0,ug/m3,,1,1.0,1.0
26,GIARDINI MARGHERITA,26/01/2016,27/01/2016,FAI SWAM 5A,19.0,ug/m3,,1,1.0,1.0
27,GIARDINI MARGHERITA,27/01/2016,28/01/2016,FAI SWAM 5A,27.0,ug/m3,,1,1.0,1.0
28,GIARDINI MARGHERITA,28/01/2016,29/01/2016,FAI SWAM 5A,50.0,ug/m3,,1,1.0,1.0
29,GIARDINI MARGHERITA,29/01/2016,30/01/2016,FAI SWAM 5A,36.0,ug/m3,,1,1.0,1.0
30,GIARDINI MARGHERITA,30/01/2016,31/01/2016,FAI SWAM 5A,81.0,ug/m3,,1,1.0,1.0
31,GIARDINI MARGHERITA,31/01/2016,01/02/2016,FAI SWAM 5A,30.0,ug/m3,,1,1.0,1.0
32,GIARDINI MARGHERITA,01/02/2016,02/02/2016,FAI SWAM 5A,24.0,ug/m3,,1,1.0,1.0
33,GIARDINI MARGHERITA,02/02/2016,03/02/2016,FAI SWAM 5A,27.0,ug/m3,,1,1.0,1.0
34,GIARDINI MARGHERITA,03/02/2016,04/02/2016,FAI SWAM 5A,30.0,ug/m3,,1,1.0,1.0
35,GIARDINI MARGHERITA,04/02/2016,05/02/2016,FAI SWAM 5A,6.0,ug/m3,,1,1.0,1.0
36,GIARDINI MARGHERITA,05/02/2016,06/02/2016,FAI SWAM 5A,17.0,ug/m3,,1,1.0,1.0
37,GIARDINI MARGHERITA,06/02/2016,07/02/2016,FAI SWAM 5A,32.0,ug/m3,,1,1.0,1.0
38,GIARDINI MARGHERITA,07/02/2016,08/02/2016,FAI SWAM 5A,12.0,ug/m3,,1,1.0,1.0
39,GIARDINI MARGHERITA,08/02/2016,09/02/2016,FAI SWAM 5A,17.0,ug/m3,,1,1.0,1.0
40,GIARDINI MARGHERITA,09/02/2016,10/02/2016,FAI SWAM 5A,10.0,ug/m3,,1,1.0,1.0
41,GIARDINI MARGHERITA,10/02/2016,11/02/2016,FAI SWAM 5A,4.0,ug/m3,,1,1.0,1.0
42,GIARDINI MARGHERITA,11/02/2016,12/02/2016,FAI SWAM 5A,9.0,ug/m3,,1,1.0,1.0
43,GIARDINI MARGHERITA,12/02/2016,13/02/2016,FAI SWAM 5A,23.0,ug/m3,,1,1.0,1.0
44,GIARDINI MARGHERITA,13/02/2016,14/02/2016,FAI SWAM 5A,24.0,ug/m3,,1,1.0,1.0
45,GIARDINI MARGHERITA,14/02/2016,15/02/2016,FAI SWAM 5A,33.0,ug/m3,,1,1.0,1.0
46,GIARDINI MARGHERITA,15/02/2016,16/02/2016,FAI SWAM 5A,17.0,ug/m3,,1,1.0,1.0
47,GIARDINI MARGHERITA,16/02/2016,17/02/2016,FAI SWAM 5A,7.0,ug/m3,,1,1.0,1.0
48,GIARDINI MARGHERITA,17/02/2016,18/02/2016,FAI SWAM 5A,5.0,ug/m3,,1,1.0,1.0
49,GIARDINI MARGHERITA,18/02/2016,19/02/2016,FAI SWAM 5A,,ug/m3,,-1,-1.0,-1.0
50,GIARDINI MARGHERITA,19/02/2016,20/02/2016,FAI SWAM 5A,,ug/m3,,-1,-1.0,-1.0
51,GIARDINI MARGHERITA,20/02/2016,21/02/2016,FAI SWAM 5A,,ug/m3,,-1,-1.0,1.0
52,GIARDINI MARGHERITA,21/02/2016,22/02/2016,FAI SWAM 5A,3.0,ug/m3,,1,1.0,1.0
53,GIARDINI MARGHERITA,22/02/2016,23/02/2016,FAI SWAM 5A,20.0,ug/m3,,1,1.0,1.0
54,GIARDINI MARGHERITA,23/02/2016,24/02/2016,FAI SWAM 5A,15.0,ug/m3,,1,1.0,1.0
55,GIARDINI MARGHERITA,24/02/2016,25/02/2016,FAI SWAM 5A,14.0,ug/m3,,1,1.0,1.0
56,GIARDINI MARGHERITA,25/02/2016,26/02/2016,FAI SWAM 5A,11.0,ug/m3,,1,1.0,1.0
57,GIARDINI MARGHERITA,26/02/2016,27/02/2016,FAI SWAM 5A,19.0,ug/m3,,1,1.0,1.0
58,GIARDINI MARGHERITA,27/02/2016,28/02/2016,FAI SWAM 5A,14.0,ug/m3,,1,1.0,1.0
59,GIARDINI MARGHERITA,28/02/2016,29/02/2016,FAI SWAM 5A,16.0,ug/m3,,1,1.0,1.0
60,GIARDINI MARGHERITA,29/02/2016,01/03/2016,FAI SWAM 5A,5.0,ug/m3,,1,1.0,1.0
61,GIARDINI MARGHERITA,01/03/2016,02/03/2016,FAI SWAM 5A,17.0,ug/m3,,1,1.0,1.0
62,GIARDINI MARGHERITA,02/03/2016,03/03/2016,FAI SWAM 5A,5.0,ug/m3,,1,1.0,1.0
63,GIARDINI MARGHERITA,03/03/2016,04/03/2016,FAI SWAM 5A,1.0,ug/m3,,1,1.0,1.0
64,GIARDINI MARGHERITA,04/03/2016,05/03/2016,FAI SWAM 5A,6.0,ug/m3,,1,1.0,1.0
65,GIARDINI MARGHERITA,05/03/2016,06/03/2016,FAI SWAM 5A,4.0,ug/m3,,1,1.0,1.0
66,GIARDINI MARGHERITA,06/03/2016,07/03/2016,FAI SWAM 5A,22.0,ug/m3,,1,1.0,1.0
67,GIARDINI MARGHERITA,07/03/2016,08/03/2016,FAI SWAM 5A,18.0,ug/m3,,1,1.0,1.0
68,GIARDINI MARGHERITA,08/03/2016,09/03/2016,FAI SWAM 5A,5.0,ug/m3,,1,1.0,-1.0
69,GIARDINI MARGHERITA,09/03/2016,10/03/2016,FAI SWAM 5A,,ug/m3,,-1,-1.0,-1.0
70,GIARDINI MARGHERITA,10/03/2016,11/03/2016,FAI SWAM 5A,18.0,ug/m3,,1,1.0,1.0
71,GIARDINI MARGHERITA,11/03/2016,12/03/2016,FAI SWAM 5A,12.0,ug/m3,,1,1.0,1.0
72,GIARDINI MARGHERITA,12/03/2016,13/03/2016,FAI SWAM 5A,19.0,ug/m3,,1,1.0,1.0
73,GIARDINI MARGHERITA,13/03/2016,14/03/2016,FAI SWAM 5A,10.0,ug/m3,,1,1.0,1.0
74,GIARDINI MARGHERITA,14/03/2016,15/03/2016,FAI SWAM 5A,10.0,ug/m3,,1,1.0,1.0
75,GIARDINI MARGHERITA,15/03/2016,16/03/2016,FAI SWAM 5A,15.0,ug/m3,,1,1.0,1.0
76,GIARDINI MARGHERITA,16/03/2016,17/03/2016,FAI SWAM 5A,8.0,ug/m3,,1,1.0,1.0
77,GIARDINI MARGHERITA,17/03/2016,18/03/2016,FAI SWAM 5A,24.0,ug/m3,,1,1.0,1.0
78,GIARDINI MARGHERITA,18/03/2016,19/03/2016,FAI SWAM 5A,26.0,ug/m3,,1,1.0,1.0
79,GIARDINI MARGHERITA,19/03/2016,20/03/2016,FAI SWAM 5A,14.0,ug/m3,,1,1.0,1.0
80,GIARDINI MARGHERITA,20/03/2016,21/03/2016,FAI SWAM 5A,,ug/m3,,-1,-1.0,-1.0
81,GIARDINI MARGHERITA,21/03/2016,22/03/2016,FAI SWAM 5A,12.0,ug/m3,,1,1.0,1.0
82,GIARDINI MARGHERITA,22/03/2016,23/03/2016,FAI SWAM 5A,17.0,ug/m3,,1,1.0,1.0
83,GIARDINI MARGHERITA,23/03/2016,24/03/2016,FAI SWAM 5A,5.0,ug/m3,,1,1.0,1.0
84,GIARDINI MARGHERITA,24/03/2016,25/03/2016,FAI SWAM 5A,6.0,ug/m3,,1,1.0,1.0
85,GIARDINI MARGHERITA,25/03/2016,26/03/2016,FAI SWAM 5A,13.0,ug/m3,,1,1.0,1.0
86,GIARDINI MARGHERITA,26/03/2016,27/03/2016,FAI SWAM 5A,20.0,ug/m3,,1,1.0,1.0
87,GIARDINI MARGHERITA,27/03/2016,28/03/2016,FAI SWAM 5A,25.0,ug/m3,,1,1.0,1.0
88,GIARDINI MARGHERITA,28/03/2016,29/03/2016,FAI SWAM 5A,18.0,ug/m3,,1,1.0,1.0
89,GIARDINI MARGHERITA,29/03/2016,30/03/2016,FAI SWAM 5A,6.0,ug/m3,,1,1.0,1.0
90,GIARDINI MARGHERITA,30/03/2016,31/03/2016,FAI SWAM 5A,8.0,ug/m3,,1,1.0,1.0
91,GIARDINI MARGHERITA,31/03/2016,01/04/2016,FAI SWAM 5A,18.0,ug/m3,,1,1.0,1.0
92,GIARDINI MARGHERITA,01/04/2016,02/04/2016,FAI SWAM 5A,23.0,ug/m3,,1,1.0,1.0
93,GIARDINI MARGHERITA,02/04/2016,03/04/2016,FAI SWAM 5A,20.0,ug/m3,,1,1.0,1.0
94,GIARDINI MARGHERITA,03/04/2016,04/04/2016,FAI SWAM 5A,20.0,ug/m3,,1,1.0,1.0
95,GIARDINI MARGHERITA,04/04/2016,05/04/2016,FAI SWAM 5A,29.0,ug/m3,,1,1.0,1.0
96,GIARDINI MARGHERITA,05/04/2016,06/04/2016,FAI SWAM 5A,26.0,ug/m3,,1,1.0,1.0
97,GIARDINI MARGHERITA,06/04/2016,07/04/2016,FAI SWAM 5A,42.0,ug/m3,,1,1.0,1.0
98,GIARDINI MARGHERITA,07/04/2016,08/04/2016,FAI SWAM 5A,28.0,ug/m3,,1,1.0,1.0
99,GIARDINI MARGHERITA,08/04/2016,09/04/2016,FAI SWAM 5A,32.0,ug/m3,,1,1.0,1.0
100,GIARDINI MARGHERITA,09/04/2016,10/04/2016,FAI SWAM 5A,10.0,ug/m3,,1,1.0,1.0
101,GIARDINI MARGHERITA,10/04/2016,11/04/2016,FAI SWAM 5A,10.0,ug/m3,,1,1.0,1.0
102,GIARDINI MARGHERITA,11/04/2016,12/04/2016,FAI SWAM 5A,8.0,ug/m3,,1,1.0,1.0
103,GIARDINI MARGHERITA,12/04/2016,13/04/2016,FAI SWAM 5A,8.0,ug/m3,,1,1.0,1.0
104,GIARDINI MARGHERITA,13/04/2016,14/04/2016,FAI SWAM 5A,10.0,ug/m3,,1,1.0,1.0
105,GIARDINI MARGHERITA,14/04/2016,15/04/2016,FAI SWAM 5A,5.0,ug/m3,,1,1.0,1.0
106,GIARDINI MARGHERITA,15/04/2016,16/04/2016,FAI SWAM 5A,5.0,ug/m3,,1,1.0,1.0
107,GIARDINI MARGHERITA,16/04/2016,17/04/2016,FAI SWAM 5A,7.0,ug/m3,,1,1.0,1.0
108,GIARDINI MARGHERITA,17/04/2016,18/04/2016,FAI SWAM 5A,12.0,ug/m3,,1,1.0,1.0
109,GIARDINI MARGHERITA,18/04/2016,19/04/2016,FAI SWAM 5A,5.0,ug/m3,,1,1.0,1.0
110,GIARDINI MARGHERITA,19/04/2016,20/04/2016,FAI SWAM 5A,3.0,ug/m3,,1,1.0,1.0
111,GIARDINI MARGHERITA,20/04/2016,21/04/2016,FAI SWAM 5A,2.0,ug/m3,,1,1.0,1.0
112,GIARDINI MARGHERITA,21/04/2016,22/04/2016,FAI SWAM 5A,10.0,ug/m3,,1,1.0,1.0
113,GIARDINI MARGHERITA,22/04/2016,23/04/2016,FAI SWAM 5A,9.0,ug/m3,,1,1.0,1.0
114,GIARDINI MARGHERITA,23/04/2016,24/04/2016,FAI SWAM 5A,,ug/m3,,-1,-1.0,-1.0
115,GIARDINI MARGHERITA,24/04/2016,25/04/2016,FAI SWAM 5A,2.0,ug/m3,,1,1.0,-1.0
116,GIARDINI MARGHERITA,25/04/2016,26/04/2016,FAI SWAM 5A,0.0,ug/m3,,1,1.0,1.0
117,GIARDINI MARGHERITA,26/04/2016,27/04/2016,FAI SWAM 5A,4.0,ug/m3,,1,1.0,1.0
118,GIARDINI MARGHERITA,27/04/2016,28/04/2016,FAI SWAM 5A,4.0,ug/m3,,1,1.0,1.0
119,GIARDINI MARGHERITA,28/04/2016,29/04/2016,FAI SWAM 5A,9.0,ug/m3,,1,1.0,1.0
120,GIARDINI MARGHERITA,29/04/2016,30/04/2016,FAI SWAM 5A,7.0,ug/m3,,1,1.0,1.0
121,GIARDINI MARGHERITA,30/04/2016,01/05/2016,FAI SWAM 5A,7.0,ug/m3,,1,1.0,1.0
122,GIARDINI MARGHERITA,01/05/2016,02/05/2016,FAI SWAM 5A,7.0,ug/m3,,1,1.0,1.0
123,GIARDINI MARGHERITA,02/05/2016,03/05/2016,FAI SWAM 5A,8.0,ug/m3,,1,1.0,1.0
124,GIARDINI MARGHERITA,03/05/2016,04/05/2016,FAI SWAM 5A,6.0,ug/m3,,1,1.0,1.0
125,GIARDINI MARGHERITA,04/05/2016,05/05/2016,FAI SWAM 5A,5.0,ug/m3,,1,1.0,1.0
126,GIARDINI MARGHERITA,05/05/2016,06/05/2016,FAI SWAM 5A,7.0,ug/m3,,1,1.0,1.0
127,GIARDINI MARGHERITA,06/05/2016,07/05/2016,FAI SWAM 5A,8.0,ug/m3,,1,1.0,1.0
128,GIARDINI MARGHERITA,07/05/2016,08/05/2016,FAI SWAM 5A,12.0,ug/m3,,1,1.0,1.0
129,GIARDINI MARGHERITA,08/05/2016,09/05/2016,FAI SWAM 5A,10.0,ug/m3,,1,1.0,1.0
130,GIARDINI MARGHERITA,09/05/2016,10/05/2016,FAI SWAM 5A,14.0,ug/m3,,1,1.0,1.0
131,GIARDINI MARGHERITA,10/05/2016,11/05/2016,FAI SWAM 5A,25.0,ug/m3,,1,1.0,1.0
132,GIARDINI MARGHERITA,11/05/2016,12/05/2016,FAI SWAM 5A,18.0,ug/m3,,1,1.0,1.0
133,GIARDINI MARGHERITA,12/05/2016,13/05/2016,FAI SWAM 5A,2.0,ug/m3,,1,1.0,1.0
134,GIARDINI MARGHERITA,13/05/2016,14/05/2016,FAI SWAM 5A,4.0,ug/m3,,1,1.0,1.0
135,GIARDINI MARGHERITA,14/05/2016,15/05/2016,FAI SWAM 5A,6.0,ug/m3,,1,1.0,1.0
136,GIARDINI MARGHERITA,15/05/2016,16/05/2016,FAI SWAM 5A,3.0,ug/m3,,1,1.0,1.0
137,GIARDINI MARGHERITA,16/05/2016,17/05/2016,FAI SWAM 5A,6.0,ug/m3,,1,1.0,1.0
138,GIARDINI MARGHERITA,17/05/2016,18/05/2016,FAI SWAM 5A,4.0,ug/m3,,1,1.0,1.0
139,GIARDINI MARGHERITA,18/05/2016,19/05/2016,FAI SWAM 5A,8.0,ug/m3,,1,1.0,1.0
140,GIARDINI MARGHERITA,19/05/2016,20/05/2016,FAI SWAM 5A,6.0,ug/m3,,1,1.0,1.0
141,GIARDINI MARGHERITA,20/05/2016,21/05/2016,FAI SWAM 5A,9.0,ug/m3,,1,1.0,1.0
142,GIARDINI MARGHERITA,21/05/2016,22/05/2016,FAI SWAM 5A,9.0,ug/m3,,1,1.0,1.0
143,GIARDINI MARGHERITA,22/05/2016,23/05/2016,FAI SWAM 5A,9.0,ug/m3,,1,1.0,1.0
144,GIARDINI MARGHERITA,23/05/2016,24/05/2016,FAI SWAM 5A,4.0,ug/m3,,1,1.0,1.0
145,GIARDINI MARGHERITA,24/05/2016,25/05/2016,FAI SWAM 5A,3.0,ug/m3,,1,1.0,1.0
146,GIARDINI MARGHERITA,25/05/2016,26/05/2016,FAI SWAM 5A,6.0,ug/m3,,1,1.0,1.0
147,GIARDINI MARGHERITA,26/05/2016,27/05/2016,FAI SWAM 5A,6.0,ug/m3,,1,1.0,1.0
148,GIARDINI MARGHERITA,27/05/2016,28/05/2016,FAI SWAM 5A,12.0,ug/m3,,1,1.0,1.0
149,GIARDINI MARGHERITA,28/05/2016,29/05/2016,FAI SWAM 5A,15.0,ug/m3,,1,1.0,1.0
150,GIARDINI MARGHERITA,29/05/2016,30/05/2016,FAI SWAM 5A,10.0,ug/m3,,1,1.0,1.0
151,GIARDINI MARGHERITA,30/05/2016,31/05/2016,FAI SWAM 5A,2.0,ug/m3,,1,1.0,1.0
152,GIARDINI MARGHERITA,31/05/2016,01/06/2016,FAI SWAM 5A,4.0,ug/m3,,1,1.0,1.0
153,GIARDINI MARGHERITA,01/06/2016,02/06/2016,FAI SWAM 5A,3.0,ug/m3,,1,1.0,1.0
154,GIARDINI MARGHERITA,02/06/2016,03/06/2016,FAI SWAM 5A,4.0,ug/m3,,1,1.0,1.0
155,GIARDINI MARGHERITA,03/06/2016,04/06/2016,FAI SWAM 5A,6.0,ug/m3,,1,1.0,1.0
156,GIARDINI MARGHERITA,04/06/2016,05/06/2016,FAI SWAM 5A,7.0,ug/m3,,1,1.0,1.0
157,GIARDINI MARGHERITA,05/06/2016,06/06/2016,FAI SWAM 5A,8.0,ug/m3,,1,1.0,1.0
158,GIARDINI MARGHERITA,06/06/2016,07/06/2016,FAI SWAM 5A,9.0,ug/m3,,1,1.0,1.0
159,GIARDINI MARGHERITA,07/06/2016,08/06/2016,FAI SWAM 5A,10.0,ug/m3,,1,1.0,1.0
160,GIARDINI MARGHERITA,08/06/2016,09/06/2016,FAI SWAM 5A,16.0,ug/m3,,1,1.0,1.0
161,GIARDINI MARGHERITA,09/06/2016,10/06/2016,FAI SWAM 5A,8.0,ug/m3,,1,1.0,1.0
162,GIARDINI MARGHERITA,10/06/2016,11/06/2016,FAI SWAM 5A,14.0,ug/m3,,1,1.0,1.0
163,GIARDINI MARGHERITA,11/06/2016,12/06/2016,FAI SWAM 5A,6.0,ug/m3,,1,1.0,1.0
164,GIARDINI MARGHERITA,12/06/2016,13/06/2016,FAI SWAM 5A,5.0,ug/m3,,1,1.0,1.0
165,GIARDINI MARGHERITA,13/06/2016,14/06/2016,FAI SWAM 5A,5.0,ug/m3,,1,1.0,1.0
166,GIARDINI MARGHERITA,14/06/2016,15/06/2016,FAI SWAM 5A,8.0,ug/m3,,1,1.0,1.0
167,GIARDINI MARGHERITA,15/06/2016,16/06/2016,FAI SWAM 5A,4.0,ug/m3,,1,1.0,1.0
168,GIARDINI MARGHERITA,16/06/2016,17/06/2016,FAI SWAM 5A,10.0,ug/m3,,1,1.0,1.0
169,GIARDINI MARGHERITA,17/06/2016,18/06/2016,FAI SWAM 5A,2.0,ug/m3,,1,1.0,1.0
170,GIARDINI MARGHERITA,18/06/2016,19/06/2016,FAI SWAM 5A,6.0,ug/m3,,1,1.0,1.0
171,GIARDINI MARGHERITA,19/06/2016,20/06/2016,FAI SWAM 5A,6.0,ug/m3,,1,1.0,1.0
172,GIARDINI MARGHERITA,20/06/2016,21/06/2016,FAI SWAM 5A,4.0,ug/m3,,1,1.0,1.0
173,GIARDINI MARGHERITA,21/06/2016,22/06/2016,FAI SWAM 5A,6.0,ug/m3,,1,1.0,1.0
174,GIARDINI MARGHERITA,22/06/2016,23/06/2016,FAI SWAM 5A,10.0,ug/m3,,1,1.0,1.0
175,GIARDINI MARGHERITA,23/06/2016,24/06/2016,FAI SWAM 5A,15.0,ug/m3,,1,1.0,1.0
176,GIARDINI MARGHERITA,24/06/2016,25/06/2016,FAI SWAM 5A,23.0,ug/m3,,1,1.0,1.0
177,GIARDINI MARGHERITA,25/06/2016,26/06/2016,FAI SWAM 5A,17.0,ug/m3,,1,1.0,1.0
178,GIARDINI MARGHERITA,26/06/2016,27/06/2016,FAI SWAM 5A,10.0,ug/m3,,1,1.0,1.0
179,GIARDINI MARGHERITA,27/06/2016,28/06/2016,FAI SWAM 5A,6.0,ug/m3,,1,1.0,1.0
180,GIARDINI MARGHERITA,28/06/2016,29/06/2016,FAI SWAM 5A,3.0,ug/m3,,1,1.0,1.0
181,GIARDINI MARGHERITA,29/06/2016,30/06/2016,FAI SWAM 5A,8.0,ug/m3,,1,1.0,1.0
182,GIARDINI MARGHERITA,30/06/2016,01/07/2016,FAI SWAM 5A,12.0,ug/m3,,1,1.0,1.0
183,GIARDINI MARGHERITA,01/07/2016,02/07/2016,FAI SWAM 5A,15.0,ug/m3,,1,1.0,1.0
184,GIARDINI MARGHERITA,02/07/2016,03/07/2016,FAI SWAM 5A,16.0,ug/m3,,1,1.0,1.0
185,GIARDINI MARGHERITA,03/07/2016,04/07/2016,FAI SWAM 5A,13.0,ug/m3,,1,1.0,1.0
186,GIARDINI MARGHERITA,04/07/2016,05/07/2016,FAI SWAM 5A,7.0,ug/m3,,1,1.0,1.0
187,GIARDINI MARGHERITA,05/07/2016,06/07/2016,FAI SWAM 5A,10.0,ug/m3,,1,1.0,1.0
188,GIARDINI MARGHERITA,06/07/2016,07/07/2016,FAI SWAM 5A,16.0,ug/m3,,1,1.0,1.0
189,GIARDINI MARGHERITA,07/07/2016,08/07/2016,FAI SWAM 5A,14.0,ug/m3,,1,1.0,1.0
190,GIARDINI MARGHERITA,08/07/2016,09/07/2016,FAI SWAM 5A,15.0,ug/m3,,1,1.0,1.0
191,GIARDINI MARGHERITA,09/07/2016,10/07/2016,FAI SWAM 5A,15.0,ug/m3,,1,1.0,1.0
192,GIARDINI MARGHERITA,10/07/2016,11/07/2016,FAI SWAM 5A,17.0,ug/m3,,1,1.0,1.0
193,GIARDINI MARGHERITA,11/07/2016,12/07/2016,FAI SWAM 5A,15.0,ug/m3,,1,1.0,1.0
194,GIARDINI MARGHERITA,12/07/2016,13/07/2016,FAI SWAM 5A,9.0,ug/m3,,1,1.0,1.0
195,GIARDINI MARGHERITA,13/07/2016,14/07/2016,FAI SWAM 5A,4.0,ug/m3,,1,1.0,1.0
196,GIARDINI MARGHERITA,14/07/2016,15/07/2016,FAI SWAM 5A,2.0,ug/m3,,1,1.0,1.0
197,GIARDINI MARGHERITA,15/07/2016,16/07/2016,FAI SWAM 5A,2.0,ug/m3,,1,1.0,1.0
198,GIARDINI MARGHERITA,16/07/2016,17/07/2016,FAI SWAM 5A,5.0,ug/m3,,1,1.0,1.0
199,GIARDINI MARGHERITA,17/07/2016,18/07/2016,FAI SWAM 5A,9.0,ug/m3,,1,1.0,1.0
200,GIARDINI MARGHERITA,18/07/2016,19/07/2016,FAI SWAM 5A,11.0,ug/m3,,1,1.0,1.0
201,GIARDINI MARGHERITA,19/07/2016,20/07/2016,FAI SWAM 5A,17.0,ug/m3,,1,1.0,1.0
202,GIARDINI MARGHERITA,20/07/2016,21/07/2016,FAI SWAM 5A,19.0,ug/m3,,1,1.0,1.0
203,GIARDINI MARGHERITA,21/07/2016,22/07/2016,FAI SWAM 5A,11.0,ug/m3,,1,1.0,1.0
204,GIARDINI MARGHERITA,22/07/2016,23/07/2016,FAI SWAM 5A,14.0,ug/m3,,1,1.0,1.0
205,GIARDINI MARGHERITA,23/07/2016,24/07/2016,FAI SWAM 5A,14.0,ug/m3,,1,1.0,1.0
206,GIARDINI MARGHERITA,24/07/2016,25/07/2016,FAI SWAM 5A,9.0,ug/m3,,1,1.0,1.0
207,GIARDINI MARGHERITA,25/07/2016,26/07/2016,FAI SWAM 5A,15.0,ug/m3,,1,1.0,1.0
208,GIARDINI MARGHERITA,26/07/2016,27/07/2016,FAI SWAM 5A,14.0,ug/m3,,1,1.0,1.0
209,GIARDINI MARGHERITA,27/07/2016,28/07/2016,FAI SWAM 5A,14.0,ug/m3,,1,1.0,1.0
210,GIARDINI MARGHERITA,28/07/2016,29/07/2016,FAI SWAM 5A,8.0,ug/m3,,1,1.0,1.0
211,GIARDINI MARGHERITA,29/07/2016,30/07/2016,FAI SWAM 5A,9.0,ug/m3,,1,1.0,1.0
212,GIARDINI MARGHERITA,30/07/2016,31/07/2016,FAI SWAM 5A,13.0,ug/m3,,1,1.0,1.0
213,GIARDINI MARGHERITA,31/07/2016,01/08/2016,FAI SWAM 5A,14.0,ug/m3,,1,1.0,1.0
214,GIARDINI MARGHERITA,01/08/2016,02/08/2016,FAI SWAM 5A,7.0,ug/m3,,1,1.0,1.0
215,GIARDINI MARGHERITA,02/08/2016,03/08/2016,FAI SWAM 5A,7.0,ug/m3,,1,1.0,1.0
216,GIARDINI MARGHERITA,03/08/2016,04/08/2016,FAI SWAM 5A,9.0,ug/m3,,1,1.0,1.0
217,GIARDINI MARGHERITA,04/08/2016,05/08/2016,FAI SWAM 5A,11.0,ug/m3,,1,1.0,1.0
218,GIARDINI MARGHERITA,05/08/2016,06/08/2016,FAI SWAM 5A,6.0,ug/m3,,1,1.0,1.0
219,GIARDINI MARGHERITA,06/08/2016,07/08/2016,FAI SWAM 5A,5.0,ug/m3,,1,1.0,1.0
220,GIARDINI MARGHERITA,07/08/2016,08/08/2016,FAI SWAM 5A,5.0,ug/m3,,1,1.0,1.0
221,GIARDINI MARGHERITA,08/08/2016,09/08/2016,FAI SWAM 5A,5.0,ug/m3,,1,1.0,1.0
222,GIARDINI MARGHERITA,09/08/2016,10/08/2016,FAI SWAM 5A,11.0,ug/m3,,1,1.0,1.0
223,GIARDINI MARGHERITA,10/08/2016,11/08/2016,FAI SWAM 5A,5.0,ug/m3,,1,1.0,1.0
224,GIARDINI MARGHERITA,11/08/2016,12/08/2016,FAI SWAM 5A,3.0,ug/m3,,1,1.0,1.0
225,GIARDINI MARGHERITA,12/08/2016,13/08/2016,FAI SWAM 5A,5.0,ug/m3,,1,1.0,1.0
226,GIARDINI MARGHERITA,13/08/2016,14/08/2016,FAI SWAM 5A,5.0,ug/m3,,1,1.0,1.0
227,GIARDINI MARGHERITA,14/08/2016,15/08/2016,FAI SWAM 5A,8.0,ug/m3,,1,1.0,1.0
228,GIARDINI MARGHERITA,15/08/2016,16/08/2016,FAI SWAM 5A,,ug/m3,,-1,-1.0,-1.0
229,GIARDINI MARGHERITA,16/08/2016,17/08/2016,FAI SWAM 5A,,ug/m3,,-1,-1.0,-1.0
230,GIARDINI MARGHERITA,17/08/2016,18/08/2016,FAI SWAM 5A,9.0,ug/m3,,1,1.0,1.0
231,GIARDINI MARGHERITA,18/08/2016,19/08/2016,FAI SWAM 5A,11.0,ug/m3,,1,1.0,1.0
232,GIARDINI MARGHERITA,19/08/2016,20/08/2016,FAI SWAM 5A,14.0,ug/m3,,1,1.0,1.0
233,GIARDINI MARGHERITA,20/08/2016,21/08/2016,FAI SWAM 5A,16.0,ug/m3,,1,1.0,1.0
234,GIARDINI MARGHERITA,21/08/2016,22/08/2016,FAI SWAM 5A,13.0,ug/m3,,1,1.0,1.0
235,GIARDINI MARGHERITA,22/08/2016,23/08/2016,FAI SWAM 5A,0.0,ug/m3,,1,1.0,-1.0
236,GIARDINI MARGHERITA,23/08/2016,24/08/2016,FAI SWAM 5A,0.0,ug/m3,,1,1.0,-1.0
237,GIARDINI MARGHERITA,24/08/2016,25/08/2016,FAI SWAM 5A,4.0,ug/m3,,1,1.0,1.0
238,GIARDINI MARGHERITA,25/08/2016,26/08/2016,FAI SWAM 5A,9.0,ug/m3,,1,1.0,1.0
239,GIARDINI MARGHERITA,26/08/2016,27/08/2016,FAI SWAM 5A,11.0,ug/m3,,1,1.0,1.0
240,GIARDINI MARGHERITA,27/08/2016,28/08/2016,FAI SWAM 5A,13.0,ug/m3,,1,1.0,1.0
241,GIARDINI MARGHERITA,28/08/2016,29/08/2016,FAI SWAM 5A,14.0,ug/m3,,1,1.0,1.0
242,GIARDINI MARGHERITA,29/08/2016,30/08/2016,FAI SWAM 5A,19.0,ug/m3,,1,1.0,1.0
243,GIARDINI MARGHERITA,30/08/2016,31/08/2016,FAI SWAM 5A,16.0,ug/m3,,1,1.0,1.0
244,GIARDINI MARGHERITA,31/08/2016,01/09/2016,FAI SWAM 5A,15.0,ug/m3,,1,1.0,1.0
245,GIARDINI MARGHERITA,01/09/2016,02/09/2016,FAI SWAM 5A,11.0,ug/m3,,1,1.0,1.0
246,GIARDINI MARGHERITA,02/09/2016,03/09/2016,FAI SWAM 5A,9.0,ug/m3,,1,1.0,1.0
247,GIARDINI MARGHERITA,03/09/2016,04/09/2016,FAI SWAM 5A,10.0,ug/m3,,1,1.0,1.0
248,GIARDINI MARGHERITA,04/09/2016,05/09/2016,FAI SWAM 5A,15.0,ug/m3,,1,1.0,1.0
249,GIARDINI MARGHERITA,05/09/2016,06/09/2016,FAI SWAM 5A,16.0,ug/m3,,1,1.0,1.0
250,GIARDINI MARGHERITA,06/09/2016,07/09/2016,FAI SWAM 5A,0.0,ug/m3,,1,1.0,1.0
251,GIARDINI MARGHERITA,07/09/2016,08/09/2016,FAI SWAM 5A,8.0,ug/m3,,1,1.0,1.0
252,GIARDINI MARGHERITA,08/09/2016,09/09/2016,FAI SWAM 5A,14.0,ug/m3,,1,1.0,1.0
253,GIARDINI MARGHERITA,09/09/2016,10/09/2016,FAI SWAM 5A,15.0,ug/m3,,1,1.0,1.0
254,GIARDINI MARGHERITA,10/09/2016,11/09/2016,FAI SWAM 5A,21.0,ug/m3,,1,1.0,1.0
255,GIARDINI MARGHERITA,11/09/2016,12/09/2016,FAI SWAM 5A,22.0,ug/m3,,1,1.0,1.0
256,GIARDINI MARGHERITA,12/09/2016,13/09/2016,FAI SWAM 5A,23.0,ug/m3,,1,1.0,1.0
257,GIARDINI MARGHERITA,13/09/2016,14/09/2016,FAI SWAM 5A,23.0,ug/m3,,1,1.0,1.0
258,GIARDINI MARGHERITA,14/09/2016,15/09/2016,FAI SWAM 5A,,ug/m3,,-1,-1.0,-1.0
259,GIARDINI MARGHERITA,15/09/2016,16/09/2016,FAI SWAM 5A,12.0,ug/m3,,1,1.0,1.0
260,GIARDINI MARGHERITA,16/09/2016,17/09/2016,FAI SWAM 5A,3.0,ug/m3,,1,1.0,1.0
261,GIARDINI MARGHERITA,17/09/2016,18/09/2016,FAI SWAM 5A,1.0,ug/m3,,1,1.0,1.0
262,GIARDINI MARGHERITA,18/09/2016,19/09/2016,FAI SWAM 5A,0.0,ug/m3,,1,1.0,1.0
263,GIARDINI MARGHERITA,19/09/2016,20/09/2016,FAI SWAM 5A,5.0,ug/m3,,1,1.0,1.0
264,GIARDINI MARGHERITA,20/09/2016,21/09/2016,FAI SWAM 5A,8.0,ug/m3,,1,1.0,1.0
265,GIARDINI MARGHERITA,21/09/2016,22/09/2016,FAI SWAM 5A,9.0,ug/m3,,1,1.0,1.0
266,GIARDINI MARGHERITA,22/09/2016,23/09/2016,FAI SWAM 5A,8.0,ug/m3,,1,1.0,1.0
267,GIARDINI MARGHERITA,23/09/2016,24/09/2016,FAI SWAM 5A,6.0,ug/m3,,1,1.0,1.0
268,GIARDINI MARGHERITA,24/09/2016,25/09/2016,FAI SWAM 5A,8.0,ug/m3,,1,1.0,1.0
269,GIARDINI MARGHERITA,25/09/2016,26/09/2016,FAI SWAM 5A,8.0,ug/m3,,1,1.0,1.0
270,GIARDINI MARGHERITA,26/09/2016,27/09/2016,FAI SWAM 5A,10.0,ug/m3,,1,1.0,1.0
271,GIARDINI MARGHERITA,27/09/2016,28/09/2016,FAI SWAM 5A,12.0,ug/m3,,1,1.0,1.0
272,GIARDINI MARGHERITA,28/09/2016,29/09/2016,FAI SWAM 5A,11.0,ug/m3,,1,1.0,1.0
273,GIARDINI MARGHERITA,29/09/2016,30/09/2016,FAI SWAM 5A,17.0,ug/m3,,1,1.0,1.0
274,GIARDINI MARGHERITA,30/09/2016,01/10/2016,FAI SWAM 5A,,ug/m3,,-1,-1.0,-1.0
275,GIARDINI MARGHERITA,01/10/2016,02/10/2016,FAI SWAM 5A,12.0,ug/m3,,1,1.0,1.0
276,GIARDINI MARGHERITA,02/10/2016,03/10/2016,FAI SWAM 5A,16.0,ug/m3,,1,1.0,1.0
277,GIARDINI MARGHERITA,03/10/2016,04/10/2016,FAI SWAM 5A,6.0,ug/m3,,1,1.0,1.0
278,GIARDINI MARGHERITA,04/10/2016,05/10/2016,FAI SWAM 5A,6.0,ug/m3,,1,1.0,1.0
279,GIARDINI MARGHERITA,05/10/2016,06/10/2016,FAI SWAM 5A,3.0,ug/m3,,1,1.0,1.0
280,GIARDINI MARGHERITA,06/10/2016,07/10/2016,FAI SWAM 5A,1.0,ug/m3,,1,1.0,1.0
281,GIARDINI MARGHERITA,07/10/2016,08/10/2016,FAI SWAM 5A,9.0,ug/m3,,1,1.0,1.0
282,GIARDINI MARGHERITA,08/10/2016,09/10/2016,FAI SWAM 5A,12.0,ug/m3,,1,1.0,1.0
283,GIARDINI MARGHERITA,09/10/2016,10/10/2016,FAI SWAM 5A,10.0,ug/m3,,1,1.0,1.0
284,GIARDINI MARGHERITA,10/10/2016,11/10/2016,FAI SWAM 5A,9.0,ug/m3,,1,1.0,1.0
285,GIARDINI MARGHERITA,11/10/2016,12/10/2016,FAI SWAM 5A,7.0,ug/m3,,1,1.0,1.0
286,GIARDINI MARGHERITA,12/10/2016,13/10/2016,FAI SWAM 5A,9.0,ug/m3,,1,1.0,1.0
287,GIARDINI MARGHERITA,13/10/2016,14/10/2016,FAI SWAM 5A,23.0,ug/m3,,1,1.0,1.0
288,GIARDINI MARGHERITA,14/10/2016,15/10/2016,FAI SWAM 5A,10.0,ug/m3,,1,1.0,1.0
289,GIARDINI MARGHERITA,15/10/2016,16/10/2016,FAI SWAM 5A,15.0,ug/m3,,1,1.0,1.0
290,GIARDINI MARGHERITA,16/10/2016,17/10/2016,FAI SWAM 5A,12.0,ug/m3,,1,1.0,1.0
291,GIARDINI MARGHERITA,17/10/2016,18/10/2016,FAI SWAM 5A,27.0,ug/m3,,1,1.0,1.0
292,GIARDINI MARGHERITA,18/10/2016,19/10/2016,FAI SWAM 5A,34.0,ug/m3,,1,1.0,1.0
293,GIARDINI MARGHERITA,19/10/2016,20/10/2016,FAI SWAM 5A,17.0,ug/m3,,1,1.0,1.0
294,GIARDINI MARGHERITA,20/10/2016,21/10/2016,FAI SWAM 5A,10.0,ug/m3,,1,1.0,1.0
295,GIARDINI MARGHERITA,21/10/2016,22/10/2016,FAI SWAM 5A,5.0,ug/m3,,1,1.0,1.0
296,GIARDINI MARGHERITA,22/10/2016,23/10/2016,FAI SWAM 5A,8.0,ug/m3,,1,1.0,1.0
297,GIARDINI MARGHERITA,23/10/2016,24/10/2016,FAI SWAM 5A,28.0,ug/m3,,1,1.0,1.0
298,GIARDINI MARGHERITA,24/10/2016,25/10/2016,FAI SWAM 5A,33.0,ug/m3,,1,1.0,1.0
299,GIARDINI MARGHERITA,25/10/2016,26/10/2016,FAI SWAM 5A,38.0,ug/m3,,1,1.0,1.0
300,GIARDINI MARGHERITA,26/10/2016,27/10/2016,FAI SWAM 5A,32.0,ug/m3,,1,1.0,1.0
301,GIARDINI MARGHERITA,27/10/2016,28/10/2016,FAI SWAM 5A,11.0,ug/m3,,1,1.0,1.0
302,GIARDINI MARGHERITA,28/10/2016,29/10/2016,FAI SWAM 5A,12.0,ug/m3,,1,1.0,1.0
303,GIARDINI MARGHERITA,29/10/2016,30/10/2016,FAI SWAM 5A,21.0,ug/m3,,1,1.0,1.0
304,GIARDINI MARGHERITA,30/10/2016,31/10/2016,FAI SWAM 5A,29.0,ug/m3,,1,1.0,1.0
305,GIARDINI MARGHERITA,31/10/2016,01/11/2016,FAI SWAM 5A,50.0,ug/m3,,1,1.0,1.0
306,GIARDINI MARGHERITA,01/11/2016,02/11/2016,FAI SWAM 5A,49.0,ug/m3,,1,1.0,1.0
307,GIARDINI MARGHERITA,02/11/2016,03/11/2016,FAI SWAM 5A,34.0,ug/m3,,1,1.0,1.0
308,GIARDINI MARGHERITA,03/11/2016,04/11/2016,FAI SWAM 5A,40.0,ug/m3,,1,1.0,1.0
309,GIARDINI MARGHERITA,04/11/2016,05/11/2016,FAI SWAM 5A,11.0,ug/m3,,1,1.0,1.0
310,GIARDINI MARGHERITA,05/11/2016,06/11/2016,FAI SWAM 5A,21.0,ug/m3,,1,1.0,1.0
311,GIARDINI MARGHERITA,06/11/2016,07/11/2016,FAI SWAM 5A,10.0,ug/m3,,1,1.0,1.0
312,GIARDINI MARGHERITA,07/11/2016,08/11/2016,FAI SWAM 5A,3.0,ug/m3,,1,1.0,1.0
313,GIARDINI MARGHERITA,08/11/2016,09/11/2016,FAI SWAM 5A,14.0,ug/m3,,1,1.0,1.0
314,GIARDINI MARGHERITA,09/11/2016,10/11/2016,FAI SWAM 5A,24.0,ug/m3,,1,1.0,1.0
315,GIARDINI MARGHERITA,10/11/2016,11/11/2016,FAI SWAM 5A,41.0,ug/m3,,1,1.0,1.0
316,GIARDINI MARGHERITA,11/11/2016,12/11/2016,FAI SWAM 5A,43.0,ug/m3,,1,1.0,1.0
317,GIARDINI MARGHERITA,12/11/2016,13/11/2016,FAI SWAM 5A,8.0,ug/m3,,1,1.0,1.0
318,GIARDINI MARGHERITA,13/11/2016,14/11/2016,FAI SWAM 5A,14.0,ug/m3,,1,1.0,1.0
319,GIARDINI MARGHERITA,14/11/2016,15/11/2016,FAI SWAM 5A,22.0,ug/m3,,1,1.0,1.0
320,GIARDINI MARGHERITA,15/11/2016,16/11/2016,FAI SWAM 5A,25.0,ug/m3,,1,1.0,1.0
321,GIARDINI MARGHERITA,16/11/2016,17/11/2016,FAI SWAM 5A,31.0,ug/m3,,1,1.0,1.0
322,GIARDINI MARGHERITA,17/11/2016,18/11/2016,FAI SWAM 5A,56.0,ug/m3,,1,1.0,1.0
323,GIARDINI MARGHERITA,18/11/2016,19/11/2016,FAI SWAM 5A,91.0,ug/m3,,1,1.0,1.0
324,GIARDINI MARGHERITA,19/11/2016,20/11/2016,FAI SWAM 5A,29.0,ug/m3,,1,1.0,1.0
325,GIARDINI MARGHERITA,20/11/2016,21/11/2016,FAI SWAM 5A,15.0,ug/m3,,1,1.0,1.0
326,GIARDINI MARGHERITA,21/11/2016,22/11/2016,FAI SWAM 5A,19.0,ug/m3,,1,1.0,1.0
327,GIARDINI MARGHERITA,22/11/2016,23/11/2016,FAI SWAM 5A,22.0,ug/m3,,1,1.0,1.0
328,GIARDINI MARGHERITA,23/11/2016,24/11/2016,FAI SWAM 5A,26.0,ug/m3,,1,1.0,1.0
329,GIARDINI MARGHERITA,24/11/2016,25/11/2016,FAI SWAM 5A,15.0,ug/m3,,1,1.0,1.0
330,GIARDINI MARGHERITA,25/11/2016,26/11/2016,FAI SWAM 5A,19.0,ug/m3,,1,1.0,1.0
331,GIARDINI MARGHERITA,26/11/2016,27/11/2016,FAI SWAM 5A,13.0,ug/m3,,1,1.0,1.0
332,GIARDINI MARGHERITA,27/11/2016,28/11/2016,FAI SWAM 5A,6.0,ug/m3,,1,1.0,1.0
333,GIARDINI MARGHERITA,28/11/2016,29/11/2016,FAI SWAM 5A,8.0,ug/m3,,1,1.0,1.0
334,GIARDINI MARGHERITA,29/11/2016,30/11/2016,FAI SWAM 5A,4.0,ug/m3,,1,1.0,1.0
335,GIARDINI MARGHERITA,30/11/2016,01/12/2016,FAI SWAM 5A,10.0,ug/m3,,1,1.0,1.0
336,GIARDINI MARGHERITA,01/12/2016,02/12/2016,FAI SWAM 5A,18.0,ug/m3,,1,1.0,1.0
337,GIARDINI MARGHERITA,02/12/2016,03/12/2016,FAI SWAM 5A,38.0,ug/m3,,1,1.0,1.0
338,GIARDINI MARGHERITA,03/12/2016,04/12/2016,FAI SWAM 5A,41.0,ug/m3,,1,1.0,1.0
339,GIARDINI MARGHERITA,04/12/2016,05/12/2016,FAI SWAM 5A,36.0,ug/m3,,1,1.0,1.0
340,GIARDINI MARGHERITA,05/12/2016,06/12/2016,FAI SWAM 5A,29.0,ug/m3,,1,1.0,1.0
341,GIARDINI MARGHERITA,06/12/2016,07/12/2016,FAI SWAM 5A,42.0,ug/m3,,1,1.0,1.0
342,GIARDINI MARGHERITA,07/12/2016,08/12/2016,FAI SWAM 5A,32.0,ug/m3,,1,1.0,1.0
343,GIARDINI MARGHERITA,08/12/2016,09/12/2016,FAI SWAM 5A,38.0,ug/m3,,1,1.0,1.0
344,GIARDINI MARGHERITA,09/12/2016,10/12/2016,FAI SWAM 5A,45.0,ug/m3,,1,1.0,1.0
345,GIARDINI MARGHERITA,10/12/2016,11/12/2016,FAI SWAM 5A,33.0,ug/m3,,1,1.0,1.0
346,GIARDINI MARGHERITA,11/12/2016,12/12/2016,FAI SWAM 5A,36.0,ug/m3,,1,1.0,1.0
347,GIARDINI MARGHERITA,12/12/2016,13/12/2016,FAI SWAM 5A,41.0,ug/m3,,1,1.0,1.0
348,GIARDINI MARGHERITA,13/12/2016,14/12/2016,FAI SWAM 5A,22.0,ug/m3,,1,1.0,1.0
349,GIARDINI MARGHERITA,14/12/2016,15/12/2016,FAI SWAM 5A,25.0,ug/m3,,1,1.0,1.0
350,GIARDINI MARGHERITA,15/12/2016,16/12/2016,FAI SWAM 5A,23.0,ug/m3,,1,1.0,1.0
351,GIARDINI MARGHERITA,16/12/2016,17/12/2016,FAI SWAM 5A,41.0,ug/m3,,1,1.0,1.0
352,GIARDINI MARGHERITA,17/12/2016,18/12/2016,FAI SWAM 5A,34.0,ug/m3,,1,1.0,1.0
353,GIARDINI MARGHERITA,18/12/2016,19/12/2016,FAI SWAM 5A,31.0,ug/m3,,1,1.0,1.0
354,GIARDINI MARGHERITA,19/12/2016,20/12/2016,FAI SWAM 5A,43.0,ug/m3,,1,1.0,1.0
355,GIARDINI MARGHERITA,20/12/2016,21/12/2016,FAI SWAM 5A,31.0,ug/m3,,1,1.0,1.0
356,GIARDINI MARGHERITA,21/12/2016,22/12/2016,FAI SWAM 5A,26.0,ug/m3,,1,1.0,1.0
357,GIARDINI MARGHERITA,22/12/2016,23/12/2016,FAI SWAM 5A,13.0,ug/m3,,1,1.0,1.0
358,GIARDINI MARGHERITA,23/12/2016,24/12/2016,FAI SWAM 5A,14.0,ug/m3,,1,1.0,1.0
359,GIARDINI MARGHERITA,24/12/2016,25/12/2016,FAI SWAM 5A,15.0,ug/m3,,1,1.0,1.0
360,GIARDINI MARGHERITA,25/12/2016,26/12/2016,FAI SWAM 5A,19.0,ug/m3,,1,1.0,1.0
361,GIARDINI MARGHERITA,26/12/2016,27/12/2016,FAI SWAM 5A,17.0,ug/m3,,1,1.0,1.0
362,GIARDINI MARGHERITA,27/12/2016,28/12/2016,FAI SWAM 5A,20.0,ug/m3,,1,1.0,1.0
363,GIARDINI MARGHERITA,28/12/2016,29/12/2016,FAI SWAM 5A,15.0,ug/m3,,1,1.0,1.0
364,GIARDINI MARGHERITA,29/12/2016,30/12/2016,FAI SWAM 5A,9.0,ug/m3,,1,1.0,1.0
365,GIARDINI MARGHERITA,30/12/2016,31/12/2016,FAI SWAM 5A,17.0,ug/m3,,1,1.0,1.0
366,GIARDINI MARGHERITA,31/12/2016,01/01/2017,FAI SWAM 5A,26.0,ug/m3,,1,1.0,1.0
367,GIARDINI MARGHERITA,01/01/2017,02/01/2017,FAI SWAM 5A,20.0,ug/m3,,1,1.0,1.0
368,GIARDINI MARGHERITA,02/01/2017,03/01/2017,FAI SWAM 5A,46.0,ug/m3,,1,1.0,1.0
369,GIARDINI MARGHERITA,03/01/2017,04/01/2017,FAI SWAM 5A,73.0,ug/m3,,1,1.0,1.0
370,GIARDINI MARGHERITA,04/01/2017,05/01/2017,FAI SWAM 5A,32.0,ug/m3,,1,1.0,1.0
371,GIARDINI MARGHERITA,05/01/2017,06/01/2017,FAI SWAM 5A,19.0,ug/m3,,1,1.0,1.0
372,GIARDINI MARGHERITA,06/01/2017,07/01/2017,FAI SWAM 5A,7.0,ug/m3,,1,1.0,1.0
373,GIARDINI MARGHERITA,07/01/2017,08/01/2017,FAI SWAM 5A,7.0,ug/m3,,1,1.0,1.0
374,GIARDINI MARGHERITA,08/01/2017,09/01/2017,FAI SWAM 5A,29.0,ug/m3,,1,1.0,1.0
375,GIARDINI MARGHERITA,09/01/2017,10/01/2017,FAI SWAM 5A,38.0,ug/m3,,1,1.0,1.0
376,GIARDINI MARGHERITA,10/01/2017,11/01/2017,FAI SWAM 5A,56.0,ug/m3,,1,1.0,1.0
377,GIARDINI MARGHERITA,11/01/2017,12/01/2017,FAI SWAM 5A,23.0,ug/m3,,1,1.0,1.0
378,GIARDINI MARGHERITA,12/01/2017,13/01/2017,FAI SWAM 5A,53.0,ug/m3,,1,1.0,1.0
379,GIARDINI MARGHERITA,13/01/2017,14/01/2017,FAI SWAM 5A,44.0,ug/m3,,1,1.0,1.0
380,GIARDINI MARGHERITA,14/01/2017,15/01/2017,FAI SWAM 5A,7.0,ug/m3,,1,1.0,1.0
381,GIARDINI MARGHERITA,15/01/2017,16/01/2017,FAI SWAM 5A,35.0,ug/m3,,1,1.0,1.0
382,GIARDINI MARGHERITA,16/01/2017,17/01/2017,FAI SWAM 5A,14.0,ug/m3,,1,1.0,1.0
383,GIARDINI MARGHERITA,17/01/2017,18/01/2017,FAI SWAM 5A,10.0,ug/m3,,1,1.0,1.0
384,GIARDINI MARGHERITA,18/01/2017,19/01/2017,FAI SWAM 5A,16.0,ug/m3,,1,1.0,1.0
385,GIARDINI MARGHERITA,19/01/2017,20/01/2017,FAI SWAM 5A,19.0,ug/m3,,1,1.0,1.0
386,GIARDINI MARGHERITA,20/01/2017,21/01/2017,FAI SWAM 5A,23.0,ug/m3,,1,1.0,1.0
387,GIARDINI MARGHERITA,21/01/2017,22/01/2017,FAI SWAM 5A,29.0,ug/m3,,1,1.0,1.0
388,GIARDINI MARGHERITA,22/01/2017,23/01/2017,FAI SWAM 5A,36.0,ug/m3,,1,1.0,1.0
389,GIARDINI MARGHERITA,23/01/2017,24/01/2017,FAI SWAM 5A,50.0,ug/m3,,1,1.0,1.0
390,GIARDINI MARGHERITA,24/01/2017,25/01/2017,FAI SWAM 5A,28.0,ug/m3,,1,1.0,1.0
391,GIARDINI MARGHERITA,25/01/2017,26/01/2017,FAI SWAM 5A,32.0,ug/m3,,1,1.0,1.0
392,GIARDINI MARGHERITA,26/01/2017,27/01/2017,FAI SWAM 5A,33.0,ug/m3,,1,1.0,1.0
393,GIARDINI MARGHERITA,27/01/2017,28/01/2017,FAI SWAM 5A,33.0,ug/m3,,1,1.0,1.0
394,GIARDINI MARGHERITA,28/01/2017,29/01/2017,FAI SWAM 5A,49.0,ug/m3,,1,1.0,1.0
395,GIARDINI MARGHERITA,29/01/2017,30/01/2017,FAI SWAM 5A,72.0,ug/m3,,1,1.0,1.0
396,GIARDINI MARGHERITA,30/01/2017,31/01/2017,FAI SWAM 5A,87.0,ug/m3,,1,1.0,1.0
397,GIARDINI MARGHERITA,31/01/2017,01/02/2017,FAI SWAM 5A,151.0,ug/m3,,1,1.0,1.0
398,GIARDINI MARGHERITA,01/02/2017,02/02/2017,FAI SWAM 5A,160.0,ug/m3,,1,1.0,1.0
399,GIARDINI MARGHERITA,02/02/2017,03/02/2017,FAI SWAM 5A,138.0,ug/m3,,1,1.0,1.0
400,GIARDINI MARGHERITA,03/02/2017,04/02/2017,FAI SWAM 5A,60.0,ug/m3,,1,1.0,1.0
401,GIARDINI MARGHERITA,04/02/2017,05/02/2017,FAI SWAM 5A,18.0,ug/m3,,1,1.0,1.0
402,GIARDINI MARGHERITA,05/02/2017,06/02/2017,FAI SWAM 5A,14.0,ug/m3,,1,1.0,1.0
403,GIARDINI MARGHERITA,06/02/2017,07/02/2017,FAI SWAM 5A,7.0,ug/m3,,1,1.0,1.0
404,GIARDINI MARGHERITA,07/02/2017,08/02/2017,FAI SWAM 5A,4.0,ug/m3,,1,1.0,1.0
405,GIARDINI MARGHERITA,08/02/2017,09/02/2017,FAI SWAM 5A,13.0,ug/m3,,1,1.0,1.0
406,GIARDINI MARGHERITA,09/02/2017,10/02/2017,FAI SWAM 5A,29.0,ug/m3,,1,1.0,1.0
407,GIARDINI MARGHERITA,10/02/2017,11/02/2017,FAI SWAM 5A,30.0,ug/m3,,1,1.0,1.0
408,GIARDINI MARGHERITA,11/02/2017,12/02/2017,FAI SWAM 5A,51.0,ug/m3,,1,1.0,1.0
409,GIARDINI MARGHERITA,12/02/2017,13/02/2017,FAI SWAM 5A,67.0,ug/m3,,1,1.0,1.0
410,GIARDINI MARGHERITA,13/02/2017,14/02/2017,FAI SWAM 5A,55.0,ug/m3,,1,1.0,1.0
411,GIARDINI MARGHERITA,13/02/2017,14/02/2017,FAI SWAM 5A,,ug/m3,,0,,
412,GIARDINI MARGHERITA,14/02/2017,15/02/2017,FAI SWAM 5A,34.0,ug/m3,,1,1.0,1.0
413,GIARDINI MARGHERITA,15/02/2017,16/02/2017,FAI SWAM 5A,32.0,ug/m3,,1,1.0,1.0
414,GIARDINI MARGHERITA,16/02/2017,17/02/2017,FAI SWAM 5A,23.0,ug/m3,,1,1.0,1.0
415,GIARDINI MARGHERITA,17/02/2017,18/02/2017,FAI SWAM 5A,32.0,ug/m3,,1,1.0,1.0
416,GIARDINI MARGHERITA,18/02/2017,19/02/2017,FAI SWAM 5A,30.0,ug/m3,,1,1.0,1.0
417,GIARDINI MARGHERITA,19/02/2017,20/02/2017,FAI SWAM 5A,34.0,ug/m3,,1,1.0,1.0
418,GIARDINI MARGHERITA,20/02/2017,21/02/2017,FAI SWAM 5A,44.0,ug/m3,,1,1.0,1.0
419,GIARDINI MARGHERITA,21/02/2017,22/02/2017,FAI SWAM 5A,36.0,ug/m3,,1,1.0,1.0
420,GIARDINI MARGHERITA,22/02/2017,23/02/2017,FAI SWAM 5A,40.0,ug/m3,,1,1.0,1.0
421,GIARDINI MARGHERITA,23/02/2017,24/02/2017,FAI SWAM 5A,30.0,ug/m3,,1,1.0,1.0
422,GIARDINI MARGHERITA,24/02/2017,25/02/2017,FAI SWAM 5A,27.0,ug/m3,,1,1.0,1.0
423,GIARDINI MARGHERITA,25/02/2017,26/02/2017,FAI SWAM 5A,4.0,ug/m3,,1,1.0,1.0
424,GIARDINI MARGHERITA,26/02/2017,27/02/2017,FAI SWAM 5A,12.0,ug/m3,,1,1.0,1.0
425,GIARDINI MARGHERITA,27/02/2017,28/02/2017,FAI SWAM 5A,23.0,ug/m3,,1,1.0,1.0
426,GIARDINI MARGHERITA,28/02/2017,01/03/2017,FAI SWAM 5A,8.0,ug/m3,,1,1.0,1.0
427,GIARDINI MARGHERITA,01/03/2017,02/03/2017,FAI SWAM 5A,,ug/m3,,-1,-1.0,-1.0
428,GIARDINI MARGHERITA,02/03/2017,03/03/2017,FAI SWAM 5A,12.0,ug/m3,,1,1.0,1.0
429,GIARDINI MARGHERITA,03/03/2017,04/03/2017,FAI SWAM 5A,16.0,ug/m3,,1,1.0,1.0
430,GIARDINI MARGHERITA,04/03/2017,05/03/2017,FAI SWAM 5A,13.0,ug/m3,,1,1.0,1.0
431,GIARDINI MARGHERITA,05/03/2017,06/03/2017,FAI SWAM 5A,1.0,ug/m3,,1,1.0,1.0
432,GIARDINI MARGHERITA,06/03/2017,07/03/2017,FAI SWAM 5A,,ug/m3,,-1,-1.0,-1.0
433,GIARDINI MARGHERITA,07/03/2017,08/03/2017,FAI SWAM 5A,14.0,ug/m3,,1,1.0,1.0
434,GIARDINI MARGHERITA,08/03/2017,09/03/2017,FAI SWAM 5A,9.0,ug/m3,,1,1.0,1.0
435,GIARDINI MARGHERITA,09/03/2017,10/03/2017,FAI SWAM 5A,14.0,ug/m3,,1,1.0,1.0
436,GIARDINI MARGHERITA,10/03/2017,11/03/2017,FAI SWAM 5A,17.0,ug/m3,,1,1.0,1.0
437,GIARDINI MARGHERITA,11/03/2017,12/03/2017,FAI SWAM 5A,8.0,ug/m3,,1,1.0,1.0
438,GIARDINI MARGHERITA,12/03/2017,13/03/2017,FAI SWAM 5A,8.0,ug/m3,,1,1.0,1.0
439,GIARDINI MARGHERITA,13/03/2017,14/03/2017,FAI SWAM 5A,16.0,ug/m3,,1,1.0,1.0
440,GIARDINI MARGHERITA,14/03/2017,15/03/2017,FAI SWAM 5A,17.0,ug/m3,,1,1.0,1.0
441,GIARDINI MARGHERITA,16/03/2017,17/03/2017,FAI SWAM 5A,27.0,ug/m3,,1,1.0,1.0
442,GIARDINI MARGHERITA,17/03/2017,18/03/2017,FAI SWAM 5A,20.0,ug/m3,,1,1.0,1.0
443,GIARDINI MARGHERITA,18/03/2017,19/03/2017,FAI SWAM 5A,7.0,ug/m3,,1,1.0,1.0
444,GIARDINI MARGHERITA,19/03/2017,20/03/2017,FAI SWAM 5A,27.0,ug/m3,,1,1.0,1.0
445,GIARDINI MARGHERITA,20/03/2017,21/03/2017,FAI SWAM 5A,40.0,ug/m3,,1,1.0,1.0
446,GIARDINI MARGHERITA,21/03/2017,22/03/2017,FAI SWAM 5A,34.0,ug/m3,,1,1.0,1.0
447,GIARDINI MARGHERITA,22/03/2017,23/03/2017,FAI SWAM 5A,31.0,ug/m3,,1,1.0,1.0
448,GIARDINI MARGHERITA,23/03/2017,24/03/2017,FAI SWAM 5A,19.0,ug/m3,,1,1.0,1.0
449,GIARDINI MARGHERITA,24/03/2017,25/03/2017,FAI SWAM 5A,24.0,ug/m3,,1,1.0,1.0
450,GIARDINI MARGHERITA,25/03/2017,26/03/2017,FAI SWAM 5A,33.0,ug/m3,,1,1.0,1.0
451,GIARDINI MARGHERITA,26/03/2017,27/03/2017,FAI SWAM 5A,6.0,ug/m3,,1,1.0,1.0
452,GIARDINI MARGHERITA,27/03/2017,28/03/2017,FAI SWAM 5A,7.0,ug/m3,,1,1.0,1.0
453,GIARDINI MARGHERITA,28/03/2017,29/03/2017,FAI SWAM 5A,16.0,ug/m3,,1,1.0,1.0
454,GIARDINI MARGHERITA,29/03/2017,30/03/2017,FAI SWAM 5A,18.0,ug/m3,,1,1.0,1.0
455,GIARDINI MARGHERITA,30/03/2017,31/03/2017,FAI SWAM 5A,16.0,ug/m3,,1,1.0,1.0
456,GIARDINI MARGHERITA,31/03/2017,01/04/2017,FAI SWAM 5A,17.0,ug/m3,,1,1.0,1.0
457,GIARDINI MARGHERITA,01/04/2017,02/04/2017,FAI SWAM 5A,14.0,ug/m3,,1,1.0,1.0
458,GIARDINI MARGHERITA,02/04/2017,03/04/2017,FAI SWAM 5A,25.0,ug/m3,,1,1.0,1.0
459,GIARDINI MARGHERITA,03/04/2017,04/04/2017,FAI SWAM 5A,16.0,ug/m3,,1,1.0,1.0
460,GIARDINI MARGHERITA,04/04/2017,05/04/2017,FAI SWAM 5A,17.0,ug/m3,,1,1.0,1.0
461,GIARDINI MARGHERITA,05/04/2017,06/04/2017,FAI SWAM 5A,13.0,ug/m3,,1,1.0,1.0
462,GIARDINI MARGHERITA,06/04/2017,07/04/2017,FAI SWAM 5A,12.0,ug/m3,,1,1.0,1.0
463,GIARDINI MARGHERITA,07/04/2017,08/04/2017,FAI SWAM 5A,6.0,ug/m3,,1,1.0,1.0
464,GIARDINI MARGHERITA,08/04/2017,09/04/2017,FAI SWAM 5A,10.0,ug/m3,,1,1.0,1.0
465,GIARDINI MARGHERITA,09/04/2017,10/04/2017,FAI SWAM 5A,13.0,ug/m3,,1,1.0,1.0
466,GIARDINI MARGHERITA,10/04/2017,11/04/2017,FAI SWAM 5A,15.0,ug/m3,,1,1.0,1.0
467,GIARDINI MARGHERITA,11/04/2017,12/04/2017,FAI SWAM 5A,9.0,ug/m3,,1,1.0,1.0
468,GIARDINI MARGHERITA,12/04/2017,13/04/2017,FAI SWAM 5A,11.0,ug/m3,,1,1.0,1.0
469,GIARDINI MARGHERITA,13/04/2017,14/04/2017,FAI SWAM 5A,12.0,ug/m3,,1,1.0,1.0
470,GIARDINI MARGHERITA,14/04/2017,15/04/2017,FAI SWAM 5A,11.0,ug/m3,,1,1.0,1.0
471,GIARDINI MARGHERITA,15/04/2017,16/04/2017,FAI SWAM 5A,11.0,ug/m3,,1,1.0,1.0
472,GIARDINI MARGHERITA,16/04/2017,17/04/2017,FAI SWAM 5A,5.0,ug/m3,,1,1.0,1.0
473,GIARDINI MARGHERITA,17/04/2017,18/04/2017,FAI SWAM 5A,0.0,ug/m3,,1,1.0,1.0
474,GIARDINI MARGHERITA,18/04/2017,19/04/2017,FAI SWAM 5A,0.0,ug/m3,,1,1.0,1.0
475,GIARDINI MARGHERITA,19/04/2017,20/04/2017,FAI SWAM 5A,2.0,ug/m3,,1,1.0,1.0
476,GIARDINI MARGHERITA,20/04/2017,21/04/2017,FAI SWAM 5A,7.0,ug/m3,,1,1.0,1.0
477,GIARDINI MARGHERITA,21/04/2017,22/04/2017,FAI SWAM 5A,10.0,ug/m3,,1,1.0,1.0
478,GIARDINI MARGHERITA,22/04/2017,23/04/2017,FAI SWAM 5A,14.0,ug/m3,,1,1.0,1.0
479,GIARDINI MARGHERITA,23/04/2017,24/04/2017,FAI SWAM 5A,12.0,ug/m3,,1,1.0,1.0
480,GIARDINI MARGHERITA,24/04/2017,25/04/2017,FAI SWAM 5A,16.0,ug/m3,,1,1.0,1.0
481,GIARDINI MARGHERITA,25/04/2017,26/04/2017,FAI SWAM 5A,,ug/m3,,-1,-1.0,-1.0
482,GIARDINI MARGHERITA,26/04/2017,27/04/2017,FAI SWAM 5A,7.0,ug/m3,,1,1.0,1.0
483,GIARDINI MARGHERITA,27/04/2017,28/04/2017,FAI SWAM 5A,10.0,ug/m3,,1,1.0,1.0
484,GIARDINI MARGHERITA,28/04/2017,29/04/2017,FAI SWAM 5A,1.0,ug/m3,,1,1.0,1.0
485,GIARDINI MARGHERITA,29/04/2017,30/04/2017,FAI SWAM 5A,4.0,ug/m3,,1,1.0,1.0
486,GIARDINI MARGHERITA,30/04/2017,01/05/2017,FAI SWAM 5A,6.0,ug/m3,,1,1.0,1.0
487,GIARDINI MARGHERITA,01/05/2017,02/05/2017,FAI SWAM 5A,9.0,ug/m3,,1,1.0,1.0
488,GIARDINI MARGHERITA,02/05/2017,03/05/2017,FAI SWAM 5A,5.0,ug/m3,,1,1.0,1.0
489,GIARDINI MARGHERITA,03/05/2017,04/05/2017,FAI SWAM 5A,8.0,ug/m3,,1,1.0,1.0
490,GIARDINI MARGHERITA,04/05/2017,05/05/2017,FAI SWAM 5A,6.0,ug/m3,,1,1.0,1.0
491,GIARDINI MARGHERITA,05/05/2017,06/05/2017,FAI SWAM 5A,7.0,ug/m3,,1,1.0,1.0
492,GIARDINI MARGHERITA,06/05/2017,07/05/2017,FAI SWAM 5A,14.0,ug/m3,,1,1.0,1.0
493,GIARDINI MARGHERITA,07/05/2017,08/05/2017,FAI SWAM 5A,1.0,ug/m3,,1,1.0,1.0
494,GIARDINI MARGHERITA,08/05/2017,09/05/2017,FAI SWAM 5A,8.0,ug/m3,,1,1.0,1.0
495,GIARDINI MARGHERITA,09/05/2017,10/05/2017,FAI SWAM 5A,2.0,ug/m3,,1,1.0,1.0
496,GIARDINI MARGHERITA,10/05/2017,11/05/2017,FAI SWAM 5A,5.0,ug/m3,,1,1.0,1.0
497,GIARDINI MARGHERITA,11/05/2017,12/05/2017,FAI SWAM 5A,15.0,ug/m3,,1,1.0,1.0
498,GIARDINI MARGHERITA,12/05/2017,13/05/2017,FAI SWAM 5A,13.0,ug/m3,,1,1.0,1.0
499,GIARDINI MARGHERITA,13/05/2017,14/05/2017,FAI SWAM 5A,9.0,ug/m3,,1,1.0,1.0
500,GIARDINI MARGHERITA,14/05/2017,15/05/2017,FAI SWAM 5A,9.0,ug/m3,,1,1.0,1.0
501,GIARDINI MARGHERITA,15/05/2017,16/05/2017,FAI SWAM 5A,4.0,ug/m3,,1,1.0,1.0
502,GIARDINI MARGHERITA,16/05/2017,17/05/2017,FAI SWAM 5A,8.0,ug/m3,,1,1.0,1.0
503,GIARDINI MARGHERITA,17/05/2017,18/05/2017,FAI SWAM 5A,9.0,ug/m3,,1,1.0,1.0
504,GIARDINI MARGHERITA,18/05/2017,19/05/2017,FAI SWAM 5A,9.0,ug/m3,,1,1.0,1.0
505,GIARDINI MARGHERITA,19/05/2017,20/05/2017,FAI SWAM 5A,9.0,ug/m3,,1,1.0,1.0
506,GIARDINI MARGHERITA,20/05/2017,21/05/2017,FAI SWAM 5A,5.0,ug/m3,,1,1.0,1.0
507,GIARDINI MARGHERITA,21/05/2017,22/05/2017,FAI SWAM 5A,7.0,ug/m3,,1,1.0,1.0
508,GIARDINI MARGHERITA,22/05/2017,23/05/2017,FAI SWAM 5A,10.0,ug/m3,,1,1.0,1.0
509,GIARDINI MARGHERITA,23/05/2017,24/05/2017,FAI SWAM 5A,12.0,ug/m3,,1,1.0,1.0
510,GIARDINI MARGHERITA,24/05/2017,25/05/2017,FAI SWAM 5A,12.0,ug/m3,,1,1.0,1.0
511,GIARDINI MARGHERITA,25/05/2017,26/05/2017,FAI SWAM 5A,8.0,ug/m3,,1,1.0,1.0
512,GIARDINI MARGHERITA,26/05/2017,27/05/2017,FAI SWAM 5A,4.0,ug/m3,,1,1.0,1.0
513,GIARDINI MARGHERITA,27/05/2017,28/05/2017,FAI SWAM 5A,5.0,ug/m3,,1,1.0,1.0
514,GIARDINI MARGHERITA,28/05/2017,29/05/2017,FAI SWAM 5A,5.0,ug/m3,,1,1.0,1.0
515,GIARDINI MARGHERITA,29/05/2017,30/05/2017,FAI SWAM 5A,11.0,ug/m3,,1,1.0,1.0
516,GIARDINI MARGHERITA,30/05/2017,31/05/2017,FAI SWAM 5A,14.0,ug/m3,,1,1.0,1.0
517,GIARDINI MARGHERITA,31/05/2017,01/06/2017,FAI SWAM 5A,10.0,ug/m3,,1,1.0,1.0
518,GIARDINI MARGHERITA,01/06/2017,02/06/2017,FAI SWAM 5A,10.0,ug/m3,,1,1.0,1.0
519,GIARDINI MARGHERITA,02/06/2017,03/06/2017,FAI SWAM 5A,11.0,ug/m3,,1,1.0,1.0
520,GIARDINI MARGHERITA,03/06/2017,04/06/2017,FAI SWAM 5A,10.0,ug/m3,,1,1.0,1.0
521,GIARDINI MARGHERITA,04/06/2017,05/06/2017,FAI SWAM 5A,5.0,ug/m3,,1,1.0,1.0
522,GIARDINI MARGHERITA,05/06/2017,06/06/2017,FAI SWAM 5A,7.0,ug/m3,,1,1.0,1.0
523,GIARDINI MARGHERITA,06/06/2017,07/06/2017,FAI SWAM 5A,8.0,ug/m3,,1,1.0,1.0
524,GIARDINI MARGHERITA,07/06/2017,08/06/2017,FAI SWAM 5A,5.0,ug/m3,,1,1.0,1.0
525,GIARDINI MARGHERITA,08/06/2017,09/06/2017,FAI SWAM 5A,3.0,ug/m3,,1,1.0,1.0
526,GIARDINI MARGHERITA,09/06/2017,10/06/2017,FAI SWAM 5A,6.0,ug/m3,,1,1.0,1.0
527,GIARDINI MARGHERITA,10/06/2017,11/06/2017,FAI SWAM 5A,11.0,ug/m3,,1,1.0,1.0
528,GIARDINI MARGHERITA,11/06/2017,12/06/2017,FAI SWAM 5A,10.0,ug/m3,,1,1.0,1.0
529,GIARDINI MARGHERITA,12/06/2017,13/06/2017,FAI SWAM 5A,16.0,ug/m3,,1,1.0,1.0
530,GIARDINI MARGHERITA,13/06/2017,14/06/2017,FAI SWAM 5A,16.0,ug/m3,,1,1.0,1.0
531,GIARDINI MARGHERITA,14/06/2017,15/06/2017,FAI SWAM 5A,,ug/m3,,-1,-1.0,-1.0
532,GIARDINI MARGHERITA,16/06/2017,17/06/2017,FAI SWAM 5A,16.0,ug/m3,,1,1.0,1.0
533,GIARDINI MARGHERITA,17/06/2017,18/06/2017,FAI SWAM 5A,10.0,ug/m3,,1,1.0,1.0
534,GIARDINI MARGHERITA,18/06/2017,19/06/2017,FAI SWAM 5A,2.0,ug/m3,,1,1.0,1.0
535,GIARDINI MARGHERITA,19/06/2017,20/06/2017,FAI SWAM 5A,0.0,ug/m3,,1,1.0,-1.0
536,GIARDINI MARGHERITA,20/06/2017,21/06/2017,FAI SWAM 5A,9.0,ug/m3,,1,1.0,1.0
537,GIARDINI MARGHERITA,21/06/2017,22/06/2017,FAI SWAM 5A,10.0,ug/m3,,1,1.0,1.0
538,GIARDINI MARGHERITA,22/06/2017,23/06/2017,FAI SWAM 5A,17.0,ug/m3,,1,1.0,1.0
539,GIARDINI MARGHERITA,23/06/2017,24/06/2017,FAI SWAM 5A,15.0,ug/m3,,1,1.0,1.0
540,GIARDINI MARGHERITA,24/06/2017,25/06/2017,FAI SWAM 5A,14.0,ug/m3,,1,1.0,1.0
541,GIARDINI MARGHERITA,25/06/2017,26/06/2017,FAI SWAM 5A,15.0,ug/m3,,1,1.0,1.0
542,GIARDINI MARGHERITA,26/06/2017,27/06/2017,FAI SWAM 5A,13.0,ug/m3,,1,1.0,1.0
543,GIARDINI MARGHERITA,27/06/2017,28/06/2017,FAI SWAM 5A,18.0,ug/m3,,1,1.0,1.0
544,GIARDINI MARGHERITA,28/06/2017,29/06/2017,FAI SWAM 5A,8.0,ug/m3,,1,1.0,1.0
545,GIARDINI MARGHERITA,29/06/2017,30/06/2017,FAI SWAM 5A,2.0,ug/m3,,1,1.0,1.0
546,GIARDINI MARGHERITA,30/06/2017,01/07/2017,FAI SWAM 5A,4.0,ug/m3,,1,1.0,1.0
547,GIARDINI MARGHERITA,01/07/2017,02/07/2017,FAI SWAM 5A,1.0,ug/m3,,1,1.0,1.0
548,GIARDINI MARGHERITA,02/07/2017,03/07/2017,FAI SWAM 5A,6.0,ug/m3,,1,1.0,1.0
549,GIARDINI MARGHERITA,03/07/2017,04/07/2017,FAI SWAM 5A,6.0,ug/m3,,1,1.0,1.0
550,GIARDINI MARGHERITA,04/07/2017,05/07/2017,FAI SWAM 5A,9.0,ug/m3,,1,1.0,1.0
551,GIARDINI MARGHERITA,05/07/2017,06/07/2017,FAI SWAM 5A,11.0,ug/m3,,1,1.0,1.0
552,GIARDINI MARGHERITA,06/07/2017,07/07/2017,FAI SWAM 5A,11.0,ug/m3,,1,1.0,1.0
553,GIARDINI MARGHERITA,07/07/2017,08/07/2017,FAI SWAM 5A,11.0,ug/m3,,1,1.0,1.0
554,GIARDINI MARGHERITA,08/07/2017,09/07/2017,FAI SWAM 5A,16.0,ug/m3,,1,1.0,1.0
555,GIARDINI MARGHERITA,09/07/2017,10/07/2017,FAI SWAM 5A,13.0,ug/m3,,1,1.0,1.0
556,GIARDINI MARGHERITA,10/07/2017,11/07/2017,FAI SWAM 5A,7.0,ug/m3,,1,1.0,1.0
557,GIARDINI MARGHERITA,11/07/2017,12/07/2017,FAI SWAM 5A,10.0,ug/m3,,1,1.0,1.0
558,GIARDINI MARGHERITA,12/07/2017,13/07/2017,FAI SWAM 5A,14.0,ug/m3,,1,1.0,1.0
559,GIARDINI MARGHERITA,13/07/2017,14/07/2017,FAI SWAM 5A,14.0,ug/m3,,1,1.0,1.0
560,GIARDINI MARGHERITA,14/07/2017,15/07/2017,FAI SWAM 5A,8.0,ug/m3,,1,1.0,1.0
561,GIARDINI MARGHERITA,15/07/2017,16/07/2017,FAI SWAM 5A,8.0,ug/m3,,1,1.0,1.0
562,GIARDINI MARGHERITA,16/07/2017,17/07/2017,FAI SWAM 5A,2.0,ug/m3,,1,1.0,1.0
563,GIARDINI MARGHERITA,17/07/2017,18/07/2017,FAI SWAM 5A,4.0,ug/m3,,1,1.0,-1.0
564,GIARDINI MARGHERITA,18/07/2017,19/07/2017,FAI SWAM 5A,9.0,ug/m3,,1,1.0,1.0
565,GIARDINI MARGHERITA,19/07/2017,20/07/2017,FAI SWAM 5A,13.0,ug/m3,,1,1.0,1.0
566,GIARDINI MARGHERITA,20/07/2017,21/07/2017,FAI SWAM 5A,14.0,ug/m3,,1,1.0,1.0
567,GIARDINI MARGHERITA,21/07/2017,22/07/2017,FAI SWAM 5A,18.0,ug/m3,,1,1.0,1.0
568,GIARDINI MARGHERITA,22/07/2017,23/07/2017,FAI SWAM 5A,16.0,ug/m3,,1,1.0,1.0
569,GIARDINI MARGHERITA,23/07/2017,24/07/2017,FAI SWAM 5A,13.0,ug/m3,,1,1.0,1.0
570,GIARDINI MARGHERITA,24/07/2017,25/07/2017,FAI SWAM 5A,10.0,ug/m3,,1,1.0,1.0
571,GIARDINI MARGHERITA,25/07/2017,26/07/2017,FAI SWAM 5A,3.0,ug/m3,,1,1.0,1.0
572,GIARDINI MARGHERITA,26/07/2017,27/07/2017,FAI SWAM 5A,2.0,ug/m3,,1,1.0,1.0
573,GIARDINI MARGHERITA,27/07/2017,28/07/2017,FAI SWAM 5A,7.0,ug/m3,,1,1.0,1.0
574,GIARDINI MARGHERITA,28/07/2017,29/07/2017,FAI SWAM 5A,14.0,ug/m3,,1,1.0,1.0
575,GIARDINI MARGHERITA,29/07/2017,30/07/2017,FAI SWAM 5A,13.0,ug/m3,,1,1.0,1.0
576,GIARDINI MARGHERITA,30/07/2017,31/07/2017,FAI SWAM 5A,12.0,ug/m3,,1,1.0,1.0
577,GIARDINI MARGHERITA,31/07/2017,01/08/2017,FAI SWAM 5A,13.0,ug/m3,,1,1.0,1.0
578,GIARDINI MARGHERITA,01/08/2017,02/08/2017,FAI SWAM 5A,15.0,ug/m3,,1,1.0,1.0
579,GIARDINI MARGHERITA,02/08/2017,03/08/2017,FAI SWAM 5A,19.0,ug/m3,,1,1.0,1.0
580,GIARDINI MARGHERITA,03/08/2017,04/08/2017,FAI SWAM 5A,18.0,ug/m3,,1,1.0,1.0
581,GIARDINI MARGHERITA,04/08/2017,05/08/2017,FAI SWAM 5A,19.0,ug/m3,,1,1.0,1.0
582,GIARDINI MARGHERITA,05/08/2017,06/08/2017,FAI SWAM 5A,22.0,ug/m3,,1,1.0,1.0
583,GIARDINI MARGHERITA,08/08/2017,09/08/2017,FAI SWAM 5A,8.0,ug/m3,,1,1.0,1.0
584,GIARDINI MARGHERITA,09/08/2017,10/08/2017,FAI SWAM 5A,17.0,ug/m3,,1,1.0,1.0
585,GIARDINI MARGHERITA,10/08/2017,11/08/2017,FAI SWAM 5A,7.0,ug/m3,,1,1.0,1.0
586,GIARDINI MARGHERITA,11/08/2017,12/08/2017,FAI SWAM 5A,,ug/m3,,-1,-1.0,-1.0
587,GIARDINI MARGHERITA,12/08/2017,13/08/2017,FAI SWAM 5A,,ug/m3,,-1,-1.0,-1.0
588,GIARDINI MARGHERITA,13/08/2017,14/08/2017,FAI SWAM 5A,,ug/m3,,-1,-1.0,-1.0
589,GIARDINI MARGHERITA,14/08/2017,15/08/2017,FAI SWAM 5A,6.0,ug/m3,,1,1.0,1.0
590,GIARDINI MARGHERITA,15/08/2017,16/08/2017,FAI SWAM 5A,7.0,ug/m3,,1,1.0,1.0
591,GIARDINI MARGHERITA,16/08/2017,17/08/2017,FAI SWAM 5A,9.0,ug/m3,,1,1.0,1.0
592,GIARDINI MARGHERITA,17/08/2017,18/08/2017,FAI SWAM 5A,13.0,ug/m3,,1,1.0,1.0
593,GIARDINI MARGHERITA,18/08/2017,19/08/2017,FAI SWAM 5A,14.0,ug/m3,,1,1.0,1.0
594,GIARDINI MARGHERITA,19/08/2017,20/08/2017,FAI SWAM 5A,11.0,ug/m3,,1,1.0,1.0
595,GIARDINI MARGHERITA,20/08/2017,21/08/2017,FAI SWAM 5A,2.0,ug/m3,,1,1.0,1.0
596,GIARDINI MARGHERITA,21/08/2017,22/08/2017,FAI SWAM 5A,0.0,ug/m3,,1,1.0,-1.0
597,GIARDINI MARGHERITA,22/08/2017,23/08/2017,FAI SWAM 5A,3.0,ug/m3,,1,1.0,1.0
598,GIARDINI MARGHERITA,23/08/2017,24/08/2017,FAI SWAM 5A,6.0,ug/m3,,1,1.0,1.0
599,GIARDINI MARGHERITA,24/08/2017,25/08/2017,FAI SWAM 5A,13.0,ug/m3,,1,1.0,1.0
600,GIARDINI MARGHERITA,25/08/2017,26/08/2017,FAI SWAM 5A,15.0,ug/m3,,1,1.0,1.0
601,GIARDINI MARGHERITA,26/08/2017,27/08/2017,FAI SWAM 5A,15.0,ug/m3,,1,1.0,1.0
602,GIARDINI MARGHERITA,27/08/2017,28/08/2017,FAI SWAM 5A,16.0,ug/m3,,1,1.0,1.0
603,GIARDINI MARGHERITA,28/08/2017,29/08/2017,FAI SWAM 5A,15.0,ug/m3,,1,1.0,1.0
604,GIARDINI MARGHERITA,29/08/2017,30/08/2017,FAI SWAM 5A,7.0,ug/m3,,1,1.0,1.0
605,GIARDINI MARGHERITA,30/08/2017,31/08/2017,FAI SWAM 5A,9.0,ug/m3,,1,1.0,1.0
606,GIARDINI MARGHERITA,31/08/2017,01/09/2017,FAI SWAM 5A,17.0,ug/m3,,1,1.0,1.0
607,GIARDINI MARGHERITA,01/09/2017,02/09/2017,FAI SWAM 5A,4.0,ug/m3,,1,1.0,1.0
608,GIARDINI MARGHERITA,02/09/2017,03/09/2017,FAI SWAM 5A,3.0,ug/m3,,1,1.0,1.0
609,GIARDINI MARGHERITA,03/09/2017,04/09/2017,FAI SWAM 5A,0.0,ug/m3,,1,1.0,1.0
610,GIARDINI MARGHERITA,04/09/2017,05/09/2017,FAI SWAM 5A,4.0,ug/m3,,1,1.0,1.0
611,GIARDINI MARGHERITA,05/09/2017,06/09/2017,FAI SWAM 5A,11.0,ug/m3,,1,1.0,1.0
612,GIARDINI MARGHERITA,06/09/2017,07/09/2017,FAI SWAM 5A,,ug/m3,,-1,-1.0,1.0
613,GIARDINI MARGHERITA,07/09/2017,08/09/2017,FAI SWAM 5A,12.0,ug/m3,,1,1.0,1.0
614,GIARDINI MARGHERITA,08/09/2017,09/09/2017,FAI SWAM 5A,8.0,ug/m3,,1,1.0,1.0
615,GIARDINI MARGHERITA,09/09/2017,10/09/2017,FAI SWAM 5A,9.0,ug/m3,,1,1.0,1.0
616,GIARDINI MARGHERITA,10/09/2017,11/09/2017,FAI SWAM 5A,7.0,ug/m3,,1,1.0,1.0
617,GIARDINI MARGHERITA,11/09/2017,12/09/2017,FAI SWAM 5A,9.0,ug/m3,,1,1.0,1.0
618,GIARDINI MARGHERITA,12/09/2017,13/09/2017,FAI SWAM 5A,3.0,ug/m3,,1,1.0,1.0
619,GIARDINI MARGHERITA,13/09/2017,14/09/2017,FAI SWAM 5A,7.0,ug/m3,,1,1.0,1.0
620,GIARDINI MARGHERITA,14/09/2017,15/09/2017,FAI SWAM 5A,6.0,ug/m3,,1,1.0,1.0
621,GIARDINI MARGHERITA,15/09/2017,16/09/2017,FAI SWAM 5A,13.0,ug/m3,,1,1.0,1.0
622,GIARDINI MARGHERITA,16/09/2017,17/09/2017,FAI SWAM 5A,12.0,ug/m3,,1,1.0,1.0
623,GIARDINI MARGHERITA,17/09/2017,18/09/2017,FAI SWAM 5A,3.0,ug/m3,,1,1.0,1.0
624,GIARDINI MARGHERITA,19/09/2017,20/09/2017,FAI SWAM 5A,0.0,ug/m3,,1,1.0,1.0
625,GIARDINI MARGHERITA,20/09/2017,21/09/2017,FAI SWAM 5A,1.0,ug/m3,,1,1.0,1.0
626,GIARDINI MARGHERITA,21/09/2017,22/09/2017,FAI SWAM 5A,5.0,ug/m3,,1,1.0,1.0
627,GIARDINI MARGHERITA,22/09/2017,23/09/2017,FAI SWAM 5A,9.0,ug/m3,,1,1.0,1.0
628,GIARDINI MARGHERITA,23/09/2017,24/09/2017,FAI SWAM 5A,14.0,ug/m3,,1,1.0,1.0
629,GIARDINI MARGHERITA,24/09/2017,25/09/2017,FAI SWAM 5A,9.0,ug/m3,,1,1.0,1.0
630,GIARDINI MARGHERITA,25/09/2017,26/09/2017,FAI SWAM 5A,6.0,ug/m3,,1,1.0,1.0
631,GIARDINI MARGHERITA,26/09/2017,27/09/2017,FAI SWAM 5A,9.0,ug/m3,,1,1.0,1.0
632,GIARDINI MARGHERITA,27/09/2017,28/09/2017,FAI SWAM 5A,18.0,ug/m3,,1,1.0,1.0
633,GIARDINI MARGHERITA,28/09/2017,29/09/2017,FAI SWAM 5A,21.0,ug/m3,,1,1.0,1.0
634,GIARDINI MARGHERITA,29/09/2017,30/09/2017,FAI SWAM 5A,17.0,ug/m3,,1,1.0,1.0
635,GIARDINI MARGHERITA,30/09/2017,01/10/2017,FAI SWAM 5A,18.0,ug/m3,,1,1.0,1.0
636,GIARDINI MARGHERITA,01/10/2017,02/10/2017,FAI SWAM 5A,19.0,ug/m3,,1,1.0,1.0
637,GIARDINI MARGHERITA,02/10/2017,03/10/2017,FAI SWAM 5A,23.0,ug/m3,,1,1.0,1.0
638,GIARDINI MARGHERITA,03/10/2017,04/10/2017,FAI SWAM 5A,27.0,ug/m3,,1,1.0,1.0
639,GIARDINI MARGHERITA,04/10/2017,05/10/2017,FAI SWAM 5A,38.0,ug/m3,,1,1.0,1.0
640,GIARDINI MARGHERITA,05/10/2017,06/10/2017,FAI SWAM 5A,,ug/m3,,-1,-1.0,-1.0
641,GIARDINI MARGHERITA,06/10/2017,07/10/2017,FAI SWAM 5A,8.0,ug/m3,,1,1.0,1.0
642,GIARDINI MARGHERITA,07/10/2017,08/10/2017,FAI SWAM 5A,1.0,ug/m3,,1,1.0,1.0
643,GIARDINI MARGHERITA,08/10/2017,09/10/2017,FAI SWAM 5A,3.0,ug/m3,,1,1.0,1.0
644,GIARDINI MARGHERITA,09/10/2017,10/10/2017,FAI SWAM 5A,8.0,ug/m3,,1,1.0,1.0
645,GIARDINI MARGHERITA,10/10/2017,11/10/2017,FAI SWAM 5A,15.0,ug/m3,,1,1.0,1.0
646,GIARDINI MARGHERITA,11/10/2017,12/10/2017,FAI SWAM 5A,17.0,ug/m3,,1,1.0,1.0
647,GIARDINI MARGHERITA,12/10/2017,13/10/2017,FAI SWAM 5A,14.0,ug/m3,,1,1.0,1.0
648,GIARDINI MARGHERITA,13/10/2017,14/10/2017,FAI SWAM 5A,23.0,ug/m3,,1,1.0,1.0
649,GIARDINI MARGHERITA,14/10/2017,15/10/2017,FAI SWAM 5A,42.0,ug/m3,,1,1.0,1.0
650,GIARDINI MARGHERITA,15/10/2017,16/10/2017,FAI SWAM 5A,24.0,ug/m3,,1,1.0,1.0
651,GIARDINI MARGHERITA,16/10/2017,17/10/2017,FAI SWAM 5A,17.0,ug/m3,,1,1.0,1.0
652,GIARDINI MARGHERITA,17/10/2017,18/10/2017,FAI SWAM 5A,26.0,ug/m3,,1,1.0,1.0
653,GIARDINI MARGHERITA,18/10/2017,19/10/2017,FAI SWAM 5A,38.0,ug/m3,,1,1.0,1.0
654,GIARDINI MARGHERITA,19/10/2017,20/10/2017,FAI SWAM 5A,42.0,ug/m3,,1,1.0,1.0
655,GIARDINI MARGHERITA,20/10/2017,21/10/2017,FAI SWAM 5A,52.0,ug/m3,,1,1.0,1.0
656,GIARDINI MARGHERITA,21/10/2017,22/10/2017,FAI SWAM 5A,61.0,ug/m3,,1,1.0,1.0
657,GIARDINI MARGHERITA,22/10/2017,23/10/2017,FAI SWAM 5A,43.0,ug/m3,,1,1.0,1.0
658,GIARDINI MARGHERITA,23/10/2017,24/10/2017,FAI SWAM 5A,3.0,ug/m3,,1,1.0,1.0
659,GIARDINI MARGHERITA,24/10/2017,25/10/2017,FAI SWAM 5A,4.0,ug/m3,,1,1.0,1.0
660,GIARDINI MARGHERITA,25/10/2017,26/10/2017,FAI SWAM 5A,7.0,ug/m3,,1,1.0,1.0
661,GIARDINI MARGHERITA,26/10/2017,27/10/2017,FAI SWAM 5A,17.0,ug/m3,,1,1.0,1.0
662,GIARDINI MARGHERITA,30/10/2017,31/10/2017,FAI SWAM 5A,34.0,ug/m3,,1,1.0,1.0
663,GIARDINI MARGHERITA,31/10/2017,01/11/2017,FAI SWAM 5A,12.0,ug/m3,,1,1.0,1.0
664,GIARDINI MARGHERITA,01/11/2017,02/11/2017,FAI SWAM 5A,12.0,ug/m3,,1,1.0,1.0
665,GIARDINI MARGHERITA,02/11/2017,03/11/2017,FAI SWAM 5A,18.0,ug/m3,,1,1.0,1.0
666,GIARDINI MARGHERITA,03/11/2017,04/11/2017,FAI SWAM 5A,55.0,ug/m3,,1,1.0,1.0
667,GIARDINI MARGHERITA,04/11/2017,05/11/2017,FAI SWAM 5A,72.0,ug/m3,,1,1.0,1.0
668,GIARDINI MARGHERITA,05/11/2017,06/11/2017,FAI SWAM 5A,28.0,ug/m3,,1,1.0,1.0
669,GIARDINI MARGHERITA,06/11/2017,07/11/2017,FAI SWAM 5A,4.0,ug/m3,,1,1.0,1.0
670,GIARDINI MARGHERITA,07/11/2017,08/11/2017,FAI SWAM 5A,2.0,ug/m3,,1,1.0,1.0
671,GIARDINI MARGHERITA,08/11/2017,09/11/2017,FAI SWAM 5A,12.0,ug/m3,,1,1.0,1.0
672,GIARDINI MARGHERITA,09/11/2017,10/11/2017,FAI SWAM 5A,23.0,ug/m3,,1,1.0,1.0
673,GIARDINI MARGHERITA,10/11/2017,11/11/2017,FAI SWAM 5A,27.0,ug/m3,,1,1.0,1.0
674,GIARDINI MARGHERITA,11/11/2017,12/11/2017,FAI SWAM 5A,19.0,ug/m3,,1,1.0,1.0
675,GIARDINI MARGHERITA,12/11/2017,13/11/2017,FAI SWAM 5A,18.0,ug/m3,,1,1.0,1.0
676,GIARDINI MARGHERITA,13/11/2017,14/11/2017,FAI SWAM 5A,1.0,ug/m3,,1,1.0,1.0
677,GIARDINI MARGHERITA,14/11/2017,15/11/2017,FAI SWAM 5A,11.0,ug/m3,,1,1.0,1.0
678,GIARDINI MARGHERITA,15/11/2017,16/11/2017,FAI SWAM 5A,14.0,ug/m3,,1,1.0,1.0
679,GIARDINI MARGHERITA,16/11/2017,17/11/2017,FAI SWAM 5A,15.0,ug/m3,,1,1.0,1.0
680,GIARDINI MARGHERITA,17/11/2017,18/11/2017,FAI SWAM 5A,24.0,ug/m3,,1,1.0,1.0
681,GIARDINI MARGHERITA,18/11/2017,19/11/2017,FAI SWAM 5A,21.0,ug/m3,,1,1.0,1.0
682,GIARDINI MARGHERITA,19/11/2017,20/11/2017,FAI SWAM 5A,19.0,ug/m3,,1,1.0,1.0
683,GIARDINI MARGHERITA,20/11/2017,21/11/2017,FAI SWAM 5A,23.0,ug/m3,,1,1.0,1.0
684,GIARDINI MARGHERITA,21/11/2017,22/11/2017,FAI SWAM 5A,18.0,ug/m3,,1,1.0,1.0
685,GIARDINI MARGHERITA,22/11/2017,23/11/2017,FAI SWAM 5A,30.0,ug/m3,,1,1.0,1.0
686,GIARDINI MARGHERITA,23/11/2017,24/11/2017,FAI SWAM 5A,55.0,ug/m3,,1,1.0,1.0
687,GIARDINI MARGHERITA,24/11/2017,25/11/2017,FAI SWAM 5A,47.0,ug/m3,,1,1.0,1.0
688,GIARDINI MARGHERITA,25/11/2017,26/11/2017,FAI SWAM 5A,76.0,ug/m3,,1,1.0,1.0
689,GIARDINI MARGHERITA,26/11/2017,27/11/2017,FAI SWAM 5A,9.0,ug/m3,,1,1.0,1.0
690,GIARDINI MARGHERITA,27/11/2017,28/11/2017,FAI SWAM 5A,4.0,ug/m3,,1,1.0,1.0
691,GIARDINI MARGHERITA,28/11/2017,29/11/2017,FAI SWAM 5A,15.0,ug/m3,,1,1.0,1.0
692,GIARDINI MARGHERITA,29/11/2017,30/11/2017,FAI SWAM 5A,37.0,ug/m3,,1,1.0,1.0
693,GIARDINI MARGHERITA,30/11/2017,01/12/2017,FAI SWAM 5A,19.0,ug/m3,,1,1.0,1.0
694,GIARDINI MARGHERITA,01/12/2017,02/12/2017,FAI SWAM 5A,17.0,ug/m3,,1,1.0,1.0
695,GIARDINI MARGHERITA,02/12/2017,03/12/2017,FAI SWAM 5A,10.0,ug/m3,,1,1.0,1.0
696,GIARDINI MARGHERITA,03/12/2017,04/12/2017,FAI SWAM 5A,16.0,ug/m3,,1,1.0,1.0
697,GIARDINI MARGHERITA,04/12/2017,05/12/2017,FAI SWAM 5A,23.0,ug/m3,,1,1.0,1.0
698,GIARDINI MARGHERITA,05/12/2017,06/12/2017,FAI SWAM 5A,25.0,ug/m3,,1,1.0,1.0
699,GIARDINI MARGHERITA,06/12/2017,07/12/2017,FAI SWAM 5A,16.0,ug/m3,,1,1.0,1.0
700,GIARDINI MARGHERITA,07/12/2017,08/12/2017,FAI SWAM 5A,21.0,ug/m3,,1,1.0,1.0
701,GIARDINI MARGHERITA,08/12/2017,09/12/2017,FAI SWAM 5A,67.0,ug/m3,,1,1.0,1.0
702,GIARDINI MARGHERITA,09/12/2017,10/12/2017,FAI SWAM 5A,12.0,ug/m3,,1,1.0,1.0
703,GIARDINI MARGHERITA,10/12/2017,11/12/2017,FAI SWAM 5A,,ug/m3,,-1,-1.0,1.0
704,GIARDINI MARGHERITA,11/12/2017,12/12/2017,FAI SWAM 5A,21.0,ug/m3,,1,1.0,1.0
705,GIARDINI MARGHERITA,12/12/2017,13/12/2017,FAI SWAM 5A,26.0,ug/m3,,1,1.0,1.0
706,GIARDINI MARGHERITA,13/12/2017,14/12/2017,FAI SWAM 5A,27.0,ug/m3,,1,1.0,1.0
707,GIARDINI MARGHERITA,14/12/2017,15/12/2017,FAI SWAM 5A,34.0,ug/m3,,1,1.0,1.0
708,GIARDINI MARGHERITA,15/12/2017,16/12/2017,FAI SWAM 5A,19.0,ug/m3,,1,1.0,1.0
709,GIARDINI MARGHERITA,16/12/2017,17/12/2017,FAI SWAM 5A,22.0,ug/m3,,1,1.0,1.0
710,GIARDINI MARGHERITA,17/12/2017,18/12/2017,FAI SWAM 5A,17.0,ug/m3,,1,1.0,1.0
711,GIARDINI MARGHERITA,18/12/2017,19/12/2017,FAI SWAM 5A,13.0,ug/m3,,1,1.0,1.0
712,GIARDINI MARGHERITA,19/12/2017,20/12/2017,FAI SWAM 5A,34.0,ug/m3,,1,1.0,1.0
713,GIARDINI MARGHERITA,20/12/2017,21/12/2017,FAI SWAM 5A,40.0,ug/m3,,1,1.0,1.0
714,GIARDINI MARGHERITA,21/12/2017,22/12/2017,FAI SWAM 5A,41.0,ug/m3,,1,1.0,1.0
715,GIARDINI MARGHERITA,22/12/2017,23/12/2017,FAI SWAM 5A,42.0,ug/m3,,1,1.0,1.0
716,GIARDINI MARGHERITA,23/12/2017,24/12/2017,FAI SWAM 5A,22.0,ug/m3,,1,1.0,1.0
717,GIARDINI MARGHERITA,24/12/2017,25/12/2017,FAI SWAM 5A,,ug/m3,,-1,-1.0,-1.0
718,GIARDINI MARGHERITA,25/12/2017,26/12/2017,FAI SWAM 5A,,ug/m3,,-1,-1.0,-1.0
719,GIARDINI MARGHERITA,26/12/2017,27/12/2017,FAI SWAM 5A,,ug/m3,,-1,-1.0,-1.0
720,GIARDINI MARGHERITA,27/12/2017,28/12/2017,FAI SWAM 5A,,ug/m3,,-1,-1.0,-1.0
721,GIARDINI MARGHERITA,28/12/2017,29/12/2017,FAI SWAM 5A,1.0,ug/m3,,1,1.0,1.0
722,GIARDINI MARGHERITA,29/12/2017,30/12/2017,FAI SWAM 5A,4.0,ug/m3,,1,1.0,1.0
723,GIARDINI MARGHERITA,30/12/2017,31/12/2017,FAI SWAM 5A,15.0,ug/m3,,1,1.0,1.0
724,GIARDINI MARGHERITA,31/12/2017,01/01/2018,FAI SWAM 5A,28.0,ug/m3,,1,1.0,1.0
725,GIARDINI MARGHERITA,01/01/2018,02/01/2018,FAI SWAM 5A,36.0,ug/m3,,1,1.0,1.0
726,GIARDINI MARGHERITA,02/01/2018,03/01/2018,FAI SWAM 5A,17.0,ug/m3,,1,1.0,1.0
727,GIARDINI MARGHERITA,03/01/2018,04/01/2018,FAI SWAM 5A,15.0,ug/m3,,1,1.0,1.0
728,GIARDINI MARGHERITA,04/01/2018,05/01/2018,FAI SWAM 5A,19.0,ug/m3,,1,1.0,1.0
729,GIARDINI MARGHERITA,05/01/2018,06/01/2018,FAI SWAM 5A,37.0,ug/m3,,1,1.0,1.0
730,GIARDINI MARGHERITA,06/01/2018,07/01/2018,FAI SWAM 5A,53.0,ug/m3,,1,1.0,1.0
731,GIARDINI MARGHERITA,07/01/2018,08/01/2018,FAI SWAM 5A,44.0,ug/m3,,1,1.0,1.0
732,GIARDINI MARGHERITA,08/01/2018,09/01/2018,FAI SWAM 5A,24.0,ug/m3,,1,1.0,1.0
733,GIARDINI MARGHERITA,09/01/2018,10/01/2018,FAI SWAM 5A,15.0,ug/m3,,1,1.0,1.0
734,GIARDINI MARGHERITA,10/01/2018,11/01/2018,FAI SWAM 5A,7.0,ug/m3,,1,1.0,1.0
735,GIARDINI MARGHERITA,11/01/2018,12/01/2018,FAI SWAM 5A,24.0,ug/m3,,1,1.0,1.0
736,GIARDINI MARGHERITA,12/01/2018,13/01/2018,FAI SWAM 5A,24.0,ug/m3,,1,1.0,1.0
737,GIARDINI MARGHERITA,13/01/2018,14/01/2018,FAI SWAM 5A,32.0,ug/m3,,1,1.0,1.0
738,GIARDINI MARGHERITA,14/01/2018,15/01/2018,FAI SWAM 5A,26.0,ug/m3,,1,1.0,1.0
739,GIARDINI MARGHERITA,15/01/2018,16/01/2018,FAI SWAM 5A,39.0,ug/m3,,1,1.0,1.0
740,GIARDINI MARGHERITA,16/01/2018,17/01/2018,FAI SWAM 5A,39.0,ug/m3,,1,1.0,1.0
741,GIARDINI MARGHERITA,17/01/2018,18/01/2018,FAI SWAM 5A,15.0,ug/m3,,1,1.0,1.0
742,GIARDINI MARGHERITA,18/01/2018,19/01/2018,FAI SWAM 5A,8.0,ug/m3,,1,1.0,1.0
743,GIARDINI MARGHERITA,19/01/2018,20/01/2018,FAI SWAM 5A,15.0,ug/m3,,1,1.0,1.0
744,GIARDINI MARGHERITA,20/01/2018,21/01/2018,FAI SWAM 5A,31.0,ug/m3,,1,1.0,1.0
745,GIARDINI MARGHERITA,21/01/2018,22/01/2018,FAI SWAM 5A,35.0,ug/m3,,1,1.0,1.0
746,GIARDINI MARGHERITA,22/01/2018,23/01/2018,FAI SWAM 5A,32.0,ug/m3,,1,1.0,1.0
747,GIARDINI MARGHERITA,23/01/2018,24/01/2018,FAI SWAM 5A,31.0,ug/m3,,1,1.0,1.0
748,GIARDINI MARGHERITA,24/01/2018,25/01/2018,FAI SWAM 5A,32.0,ug/m3,,1,1.0,1.0
749,GIARDINI MARGHERITA,25/01/2018,26/01/2018,FAI SWAM 5A,47.0,ug/m3,,1,1.0,1.0
750,GIARDINI MARGHERITA,26/01/2018,27/01/2018,FAI SWAM 5A,69.0,ug/m3,,1,1.0,1.0
751,GIARDINI MARGHERITA,27/01/2018,28/01/2018,FAI SWAM 5A,64.0,ug/m3,,1,1.0,1.0
752,GIARDINI MARGHERITA,28/01/2018,29/01/2018,FAI SWAM 5A,23.0,ug/m3,,1,1.0,1.0
753,GIARDINI MARGHERITA,29/01/2018,30/01/2018,FAI SWAM 5A,28.0,ug/m3,,1,1.0,1.0
754,GIARDINI MARGHERITA,30/01/2018,31/01/2018,FAI SWAM 5A,23.0,ug/m3,,1,1.0,1.0
755,GIARDINI MARGHERITA,31/01/2018,01/02/2018,FAI SWAM 5A,35.0,ug/m3,,1,1.0,1.0
756,GIARDINI MARGHERITA,01/02/2018,02/02/2018,FAI SWAM 5A,,ug/m3,,-1,-1.0,-1.0
757,GIARDINI MARGHERITA,02/02/2018,03/02/2018,FAI SWAM 5A,,ug/m3,,-1,-1.0,-1.0
758,GIARDINI MARGHERITA,03/02/2018,04/02/2018,FAI SWAM 5A,0.0,ug/m3,,1,1.0,1.0
759,GIARDINI MARGHERITA,04/02/2018,05/02/2018,FAI SWAM 5A,6.0,ug/m3,,1,1.0,1.0
760,GIARDINI MARGHERITA,05/02/2018,06/02/2018,FAI SWAM 5A,17.0,ug/m3,,1,1.0,1.0
761,GIARDINI MARGHERITA,06/02/2018,07/02/2018,FAI SWAM 5A,25.0,ug/m3,,1,1.0,1.0
762,GIARDINI MARGHERITA,07/02/2018,08/02/2018,FAI SWAM 5A,13.0,ug/m3,,1,1.0,1.0
763,GIARDINI MARGHERITA,08/02/2018,09/02/2018,FAI SWAM 5A,13.0,ug/m3,,1,1.0,1.0
764,GIARDINI MARGHERITA,09/02/2018,10/02/2018,FAI SWAM 5A,24.0,ug/m3,,1,1.0,1.0
765,GIARDINI MARGHERITA,10/02/2018,11/02/2018,FAI SWAM 5A,33.0,ug/m3,,1,1.0,1.0
766,GIARDINI MARGHERITA,11/02/2018,12/02/2018,FAI SWAM 5A,26.0,ug/m3,,1,1.0,1.0
767,GIARDINI MARGHERITA,12/02/2018,13/02/2018,FAI SWAM 5A,20.0,ug/m3,,1,1.0,1.0
768,GIARDINI MARGHERITA,13/02/2018,14/02/2018,FAI SWAM 5A,5.0,ug/m3,,1,1.0,1.0
769,GIARDINI MARGHERITA,14/02/2018,15/02/2018,FAI SWAM 5A,12.0,ug/m3,,1,1.0,1.0
770,GIARDINI MARGHERITA,15/02/2018,16/02/2018,FAI SWAM 5A,24.0,ug/m3,,1,1.0,1.0
771,GIARDINI MARGHERITA,16/02/2018,17/02/2018,FAI SWAM 5A,35.0,ug/m3,,1,1.0,1.0
772,GIARDINI MARGHERITA,17/02/2018,18/02/2018,FAI SWAM 5A,61.0,ug/m3,,1,1.0,1.0
773,GIARDINI MARGHERITA,18/02/2018,19/02/2018,FAI SWAM 5A,29.0,ug/m3,,1,1.0,1.0
774,GIARDINI MARGHERITA,19/02/2018,20/02/2018,FAI SWAM 5A,12.0,ug/m3,,1,1.0,1.0
775,GIARDINI MARGHERITA,20/02/2018,21/02/2018,FAI SWAM 5A,16.0,ug/m3,,1,1.0,1.0
776,GIARDINI MARGHERITA,21/02/2018,22/02/2018,FAI SWAM 5A,16.0,ug/m3,,1,1.0,1.0
777,GIARDINI MARGHERITA,22/02/2018,23/02/2018,FAI SWAM 5A,6.0,ug/m3,,1,1.0,1.0
778,GIARDINI MARGHERITA,23/02/2018,24/02/2018,FAI SWAM 5A,6.0,ug/m3,,1,1.0,1.0
779,GIARDINI MARGHERITA,24/02/2018,25/02/2018,FAI SWAM 5A,,ug/m3,,-1,-1.0,-1.0
780,GIARDINI MARGHERITA,25/02/2018,26/02/2018,FAI SWAM 5A,12.0,ug/m3,,1,1.0,1.0
781,GIARDINI MARGHERITA,26/02/2018,27/02/2018,FAI SWAM 5A,14.0,ug/m3,,1,1.0,1.0
782,GIARDINI MARGHERITA,28/02/2018,01/03/2018,FAI SWAM 5A,26.0,ug/m3,,1,1.0,1.0
783,GIARDINI MARGHERITA,01/03/2018,02/03/2018,FAI SWAM 5A,,ug/m3,,-1,-1.0,-1.0
784,GIARDINI MARGHERITA,02/03/2018,03/03/2018,FAI SWAM 5A,,ug/m3,,-1,-1.0,-1.0
785,GIARDINI MARGHERITA,03/03/2018,04/03/2018,FAI SWAM 5A,,ug/m3,,-1,-1.0,-1.0
786,GIARDINI MARGHERITA,04/03/2018,05/03/2018,FAI SWAM 5A,34.0,ug/m3,,1,1.0,1.0
787,GIARDINI MARGHERITA,06/03/2018,07/03/2018,FAI SWAM 5A,8.0,ug/m3,,1,1.0,1.0
788,GIARDINI MARGHERITA,07/03/2018,08/03/2018,FAI SWAM 5A,8.0,ug/m3,,1,1.0,1.0
789,GIARDINI MARGHERITA,08/03/2018,09/03/2018,FAI SWAM 5A,3.0,ug/m3,,1,1.0,1.0
790,GIARDINI MARGHERITA,09/03/2018,10/03/2018,FAI SWAM 5A,1.0,ug/m3,,1,1.0,1.0
791,GIARDINI MARGHERITA,10/03/2018,11/03/2018,FAI SWAM 5A,12.0,ug/m3,,1,1.0,1.0
792,GIARDINI MARGHERITA,11/03/2018,12/03/2018,FAI SWAM 5A,34.0,ug/m3,,1,1.0,1.0
793,GIARDINI MARGHERITA,12/03/2018,13/03/2018,FAI SWAM 5A,8.0,ug/m3,,1,1.0,1.0
794,GIARDINI MARGHERITA,13/03/2018,14/03/2018,FAI SWAM 5A,10.0,ug/m3,,1,1.0,1.0
795,GIARDINI MARGHERITA,14/03/2018,15/03/2018,FAI SWAM 5A,5.0,ug/m3,,1,1.0,1.0
796,GIARDINI MARGHERITA,15/03/2018,16/03/2018,FAI SWAM 5A,5.0,ug/m3,,1,1.0,1.0
797,GIARDINI MARGHERITA,16/03/2018,17/03/2018,FAI SWAM 5A,,ug/m3,,-2,-2.0,-2.0
798,GIARDINI MARGHERITA,17/03/2018,18/03/2018,FAI SWAM 5A,,ug/m3,,-2,-2.0,-1.0
799,GIARDINI MARGHERITA,18/03/2018,19/03/2018,FAI SWAM 5A,,ug/m3,,-2,-2.0,-1.0
800,GIARDINI MARGHERITA,21/03/2018,22/03/2018,FAI SWAM 5A,,ug/m3,,-1,-1.0,-1.0
801,GIARDINI MARGHERITA,23/03/2018,24/03/2018,FAI SWAM 5A,12.0,ug/m3,,1,1.0,1.0
802,GIARDINI MARGHERITA,24/03/2018,25/03/2018,FAI SWAM 5A,9.0,ug/m3,,1,1.0,1.0
803,GIARDINI MARGHERITA,25/03/2018,26/03/2018,FAI SWAM 5A,16.0,ug/m3,,1,1.0,1.0
804,GIARDINI MARGHERITA,26/03/2018,27/03/2018,FAI SWAM 5A,21.0,ug/m3,,1,1.0,1.0
805,GIARDINI MARGHERITA,27/03/2018,28/03/2018,FAI SWAM 5A,15.0,ug/m3,,1,1.0,1.0
806,GIARDINI MARGHERITA,28/03/2018,29/03/2018,FAI SWAM 5A,18.0,ug/m3,,1,1.0,1.0
807,GIARDINI MARGHERITA,29/03/2018,30/03/2018,FAI SWAM 5A,8.0,ug/m3,,1,1.0,1.0
808,GIARDINI MARGHERITA,30/03/2018,31/03/2018,FAI SWAM 5A,5.0,ug/m3,,1,1.0,1.0
809,GIARDINI MARGHERITA,31/03/2018,01/04/2018,FAI SWAM 5A,2.0,ug/m3,,1,1.0,1.0
810,GIARDINI MARGHERITA,01/04/2018,02/04/2018,FAI SWAM 5A,3.0,ug/m3,,1,1.0,1.0
811,GIARDINI MARGHERITA,02/04/2018,03/04/2018,FAI SWAM 5A,7.0,ug/m3,,1,1.0,1.0
812,GIARDINI MARGHERITA,03/04/2018,04/04/2018,FAI SWAM 5A,8.0,ug/m3,,1,1.0,1.0
813,GIARDINI MARGHERITA,04/04/2018,05/04/2018,FAI SWAM 5A,8.0,ug/m3,,1,1.0,1.0
814,GIARDINI MARGHERITA,05/04/2018,06/04/2018,FAI SWAM 5A,18.0,ug/m3,,1,1.0,1.0
815,GIARDINI MARGHERITA,06/04/2018,07/04/2018,FAI SWAM 5A,12.0,ug/m3,,1,1.0,1.0
816,GIARDINI MARGHERITA,07/04/2018,08/04/2018,FAI SWAM 5A,6.0,ug/m3,,1,1.0,1.0
817,GIARDINI MARGHERITA,08/04/2018,09/04/2018,FAI SWAM 5A,10.0,ug/m3,,1,1.0,1.0
818,GIARDINI MARGHERITA,09/04/2018,10/04/2018,FAI SWAM 5A,7.0,ug/m3,,1,1.0,1.0
819,GIARDINI MARGHERITA,10/04/2018,11/04/2018,FAI SWAM 5A,3.0,ug/m3,,1,1.0,1.0
820,GIARDINI MARGHERITA,11/04/2018,12/04/2018,FAI SWAM 5A,7.0,ug/m3,,1,1.0,1.0
821,GIARDINI MARGHERITA,12/04/2018,13/04/2018,FAI SWAM 5A,8.0,ug/m3,,1,1.0,1.0
822,GIARDINI MARGHERITA,13/04/2018,14/04/2018,FAI SWAM 5A,5.0,ug/m3,,1,1.0,1.0
823,GIARDINI MARGHERITA,14/04/2018,15/04/2018,FAI SWAM 5A,9.0,ug/m3,,1,1.0,1.0
824,GIARDINI MARGHERITA,15/04/2018,16/04/2018,FAI SWAM 5A,14.0,ug/m3,,1,1.0,1.0
825,GIARDINI MARGHERITA,16/04/2018,17/04/2018,FAI SWAM 5A,14.0,ug/m3,,1,1.0,1.0
826,GIARDINI MARGHERITA,17/04/2018,18/04/2018,FAI SWAM 5A,15.0,ug/m3,,1,1.0,1.0
827,GIARDINI MARGHERITA,18/04/2018,19/04/2018,FAI SWAM 5A,12.0,ug/m3,,1,1.0,1.0
828,GIARDINI MARGHERITA,19/04/2018,20/04/2018,FAI SWAM 5A,13.0,ug/m3,,1,1.0,1.0
829,GIARDINI MARGHERITA,20/04/2018,21/04/2018,FAI SWAM 5A,14.0,ug/m3,,1,1.0,1.0
830,GIARDINI MARGHERITA,21/04/2018,22/04/2018,FAI SWAM 5A,13.0,ug/m3,,1,1.0,1.0
831,GIARDINI MARGHERITA,22/04/2018,23/04/2018,FAI SWAM 5A,12.0,ug/m3,,1,1.0,1.0
832,GIARDINI MARGHERITA,23/04/2018,24/04/2018,FAI SWAM 5A,13.0,ug/m3,,1,1.0,1.0
833,GIARDINI MARGHERITA,24/04/2018,25/04/2018,FAI SWAM 5A,13.0,ug/m3,,1,1.0,1.0
834,GIARDINI MARGHERITA,25/04/2018,26/04/2018,FAI SWAM 5A,14.0,ug/m3,,1,1.0,1.0
835,GIARDINI MARGHERITA,26/04/2018,27/04/2018,FAI SWAM 5A,12.0,ug/m3,,1,1.0,1.0
836,GIARDINI MARGHERITA,27/04/2018,28/04/2018,FAI SWAM 5A,8.0,ug/m3,,1,1.0,1.0
837,GIARDINI MARGHERITA,28/04/2018,29/04/2018,FAI SWAM 5A,9.0,ug/m3,,1,1.0,1.0
838,GIARDINI MARGHERITA,29/04/2018,30/04/2018,FAI SWAM 5A,13.0,ug/m3,,1,1.0,1.0
839,GIARDINI MARGHERITA,30/04/2018,01/05/2018,FAI SWAM 5A,6.0,ug/m3,,1,1.0,1.0
840,GIARDINI MARGHERITA,01/05/2018,02/05/2018,FAI SWAM 5A,5.0,ug/m3,,1,1.0,1.0
841,GIARDINI MARGHERITA,02/05/2018,03/05/2018,FAI SWAM 5A,8.0,ug/m3,,1,1.0,1.0
842,GIARDINI MARGHERITA,03/05/2018,04/05/2018,FAI SWAM 5A,11.0,ug/m3,,1,1.0,1.0
843,GIARDINI MARGHERITA,04/05/2018,05/05/2018,FAI SWAM 5A,6.0,ug/m3,,1,1.0,1.0
844,GIARDINI MARGHERITA,05/05/2018,06/05/2018,FAI SWAM 5A,12.0,ug/m3,,1,1.0,1.0
845,GIARDINI MARGHERITA,06/05/2018,07/05/2018,FAI SWAM 5A,13.0,ug/m3,,1,1.0,1.0
846,GIARDINI MARGHERITA,07/05/2018,08/05/2018,FAI SWAM 5A,13.0,ug/m3,,1,1.0,1.0
847,GIARDINI MARGHERITA,08/05/2018,09/05/2018,FAI SWAM 5A,13.0,ug/m3,,1,1.0,1.0
848,GIARDINI MARGHERITA,09/05/2018,10/05/2018,FAI SWAM 5A,14.0,ug/m3,,1,1.0,1.0
849,GIARDINI MARGHERITA,10/05/2018,11/05/2018,FAI SWAM 5A,12.0,ug/m3,,1,1.0,1.0
850,GIARDINI MARGHERITA,11/05/2018,12/05/2018,FAI SWAM 5A,8.0,ug/m3,,1,1.0,1.0
851,GIARDINI MARGHERITA,12/05/2018,13/05/2018,FAI SWAM 5A,8.0,ug/m3,,1,1.0,1.0
852,GIARDINI MARGHERITA,16/05/2018,17/05/2018,FAI SWAM 5A,4.0,ug/m3,,1,1.0,1.0
853,GIARDINI MARGHERITA,17/05/2018,18/05/2018,FAI SWAM 5A,4.0,ug/m3,,1,1.0,1.0
854,GIARDINI MARGHERITA,18/05/2018,19/05/2018,FAI SWAM 5A,6.0,ug/m3,,1,1.0,1.0
855,GIARDINI MARGHERITA,19/05/2018,20/05/2018,FAI SWAM 5A,7.0,ug/m3,,1,1.0,1.0
856,GIARDINI MARGHERITA,20/05/2018,21/05/2018,FAI SWAM 5A,7.0,ug/m3,,1,1.0,1.0
857,GIARDINI MARGHERITA,21/05/2018,22/05/2018,FAI SWAM 5A,10.0,ug/m3,,1,1.0,1.0
858,GIARDINI MARGHERITA,22/05/2018,23/05/2018,FAI SWAM 5A,9.0,ug/m3,,1,1.0,1.0
859,GIARDINI MARGHERITA,23/05/2018,24/05/2018,FAI SWAM 5A,8.0,ug/m3,,1,1.0,1.0
860,GIARDINI MARGHERITA,24/05/2018,25/05/2018,FAI SWAM 5A,8.0,ug/m3,,1,1.0,1.0
861,GIARDINI MARGHERITA,25/05/2018,26/05/2018,FAI SWAM 5A,10.0,ug/m3,,1,1.0,1.0
862,GIARDINI MARGHERITA,26/05/2018,27/05/2018,FAI SWAM 5A,9.0,ug/m3,,1,1.0,1.0
863,GIARDINI MARGHERITA,27/05/2018,28/05/2018,FAI SWAM 5A,11.0,ug/m3,,1,1.0,1.0
864,GIARDINI MARGHERITA,28/05/2018,29/05/2018,FAI SWAM 5A,13.0,ug/m3,,1,1.0,1.0
865,GIARDINI MARGHERITA,29/05/2018,30/05/2018,FAI SWAM 5A,12.0,ug/m3,,1,1.0,1.0
866,GIARDINI MARGHERITA,30/05/2018,31/05/2018,FAI SWAM 5A,15.0,ug/m3,,1,1.0,1.0
867,GIARDINI MARGHERITA,31/05/2018,01/06/2018,FAI SWAM 5A,15.0,ug/m3,,1,1.0,1.0
868,GIARDINI MARGHERITA,01/06/2018,02/06/2018,FAI SWAM 5A,9.0,ug/m3,,1,1.0,1.0
869,GIARDINI MARGHERITA,02/06/2018,03/06/2018,FAI SWAM 5A,7.0,ug/m3,,1,1.0,1.0
870,GIARDINI MARGHERITA,03/06/2018,04/06/2018,FAI SWAM 5A,10.0,ug/m3,,1,1.0,1.0
871,GIARDINI MARGHERITA,04/06/2018,05/06/2018,FAI SWAM 5A,11.0,ug/m3,,1,1.0,1.0
872,GIARDINI MARGHERITA,05/06/2018,06/06/2018,FAI SWAM 5A,9.0,ug/m3,,1,1.0,1.0
873,GIARDINI MARGHERITA,06/06/2018,07/06/2018,FAI SWAM 5A,9.0,ug/m3,,1,1.0,1.0
874,GIARDINI MARGHERITA,07/06/2018,08/06/2018,FAI SWAM 5A,8.0,ug/m3,,1,1.0,1.0
875,GIARDINI MARGHERITA,08/06/2018,09/06/2018,FAI SWAM 5A,6.0,ug/m3,,1,1.0,1.0
876,GIARDINI MARGHERITA,09/06/2018,10/06/2018,FAI SWAM 5A,6.0,ug/m3,,1,1.0,1.0
877,GIARDINI MARGHERITA,10/06/2018,11/06/2018,FAI SWAM 5A,7.0,ug/m3,,1,1.0,1.0
878,GIARDINI MARGHERITA,11/06/2018,12/06/2018,FAI SWAM 5A,10.0,ug/m3,,1,1.0,1.0
879,GIARDINI MARGHERITA,12/06/2018,13/06/2018,FAI SWAM 5A,7.0,ug/m3,,1,1.0,1.0
880,GIARDINI MARGHERITA,13/06/2018,14/06/2018,FAI SWAM 5A,4.0,ug/m3,,1,1.0,1.0
881,GIARDINI MARGHERITA,14/06/2018,15/06/2018,FAI SWAM 5A,3.0,ug/m3,,1,1.0,1.0
882,GIARDINI MARGHERITA,15/06/2018,16/06/2018,FAI SWAM 5A,5.0,ug/m3,,1,1.0,1.0
883,GIARDINI MARGHERITA,16/06/2018,17/06/2018,FAI SWAM 5A,8.0,ug/m3,,1,1.0,1.0
884,GIARDINI MARGHERITA,17/06/2018,18/06/2018,FAI SWAM 5A,10.0,ug/m3,,1,1.0,1.0
885,GIARDINI MARGHERITA,18/06/2018,19/06/2018,FAI SWAM 5A,10.0,ug/m3,,1,1.0,1.0
886,GIARDINI MARGHERITA,19/06/2018,20/06/2018,FAI SWAM 5A,10.0,ug/m3,,1,1.0,1.0
887,GIARDINI MARGHERITA,20/06/2018,21/06/2018,FAI SWAM 5A,9.0,ug/m3,,1,1.0,1.0
888,GIARDINI MARGHERITA,21/06/2018,22/06/2018,FAI SWAM 5A,10.0,ug/m3,,1,1.0,1.0
889,GIARDINI MARGHERITA,22/06/2018,23/06/2018,FAI SWAM 5A,6.0,ug/m3,,1,1.0,1.0
890,GIARDINI MARGHERITA,23/06/2018,24/06/2018,FAI SWAM 5A,4.0,ug/m3,,1,1.0,1.0
891,GIARDINI MARGHERITA,24/06/2018,25/06/2018,FAI SWAM 5A,5.0,ug/m3,,1,1.0,1.0
892,GIARDINI MARGHERITA,25/06/2018,26/06/2018,FAI SWAM 5A,4.0,ug/m3,,1,1.0,1.0
893,GIARDINI MARGHERITA,26/06/2018,27/06/2018,FAI SWAM 5A,5.0,ug/m3,,1,1.0,1.0
894,GIARDINI MARGHERITA,27/06/2018,28/06/2018,FAI SWAM 5A,6.0,ug/m3,,1,1.0,1.0
895,GIARDINI MARGHERITA,28/06/2018,29/06/2018,FAI SWAM 5A,6.0,ug/m3,,1,1.0,1.0
896,GIARDINI MARGHERITA,29/06/2018,30/06/2018,FAI SWAM 5A,5.0,ug/m3,,1,1.0,1.0
897,GIARDINI MARGHERITA,30/06/2018,01/07/2018,FAI SWAM 5A,7.0,ug/m3,,1,1.0,1.0
898,GIARDINI MARGHERITA,01/07/2018,02/07/2018,FAI SWAM 5A,11.0,ug/m3,,1,1.0,1.0
899,GIARDINI MARGHERITA,02/07/2018,03/07/2018,FAI SWAM 5A,12.0,ug/m3,,1,1.0,1.0
900,GIARDINI MARGHERITA,03/07/2018,04/07/2018,FAI SWAM 5A,16.0,ug/m3,,1,1.0,1.0
901,GIARDINI MARGHERITA,04/07/2018,05/07/2018,FAI SWAM 5A,9.0,ug/m3,,1,1.0,1.0
902,GIARDINI MARGHERITA,05/07/2018,06/07/2018,FAI SWAM 5A,11.0,ug/m3,,1,1.0,1.0
903,GIARDINI MARGHERITA,06/07/2018,07/07/2018,FAI SWAM 5A,9.0,ug/m3,,1,1.0,1.0
904,GIARDINI MARGHERITA,07/07/2018,08/07/2018,FAI SWAM 5A,7.0,ug/m3,,1,1.0,1.0
905,GIARDINI MARGHERITA,08/07/2018,09/07/2018,FAI SWAM 5A,6.0,ug/m3,,1,1.0,1.0
906,GIARDINI MARGHERITA,09/07/2018,10/07/2018,FAI SWAM 5A,8.0,ug/m3,,1,1.0,1.0
907,GIARDINI MARGHERITA,10/07/2018,11/07/2018,FAI SWAM 5A,10.0,ug/m3,,1,1.0,1.0
908,GIARDINI MARGHERITA,11/07/2018,12/07/2018,FAI SWAM 5A,9.0,ug/m3,,1,1.0,1.0
909,GIARDINI MARGHERITA,12/07/2018,13/07/2018,FAI SWAM 5A,13.0,ug/m3,,1,1.0,1.0
910,GIARDINI MARGHERITA,13/07/2018,14/07/2018,FAI SWAM 5A,11.0,ug/m3,,1,1.0,1.0
911,GIARDINI MARGHERITA,14/07/2018,15/07/2018,FAI SWAM 5A,11.0,ug/m3,,1,1.0,1.0
912,GIARDINI MARGHERITA,15/07/2018,16/07/2018,FAI SWAM 5A,11.0,ug/m3,,1,1.0,1.0
913,GIARDINI MARGHERITA,16/07/2018,17/07/2018,FAI SWAM 5A,7.0,ug/m3,,1,1.0,1.0
914,GIARDINI MARGHERITA,17/07/2018,18/07/2018,FAI SWAM 5A,8.0,ug/m3,,1,1.0,1.0
915,GIARDINI MARGHERITA,18/07/2018,19/07/2018,FAI SWAM 5A,10.0,ug/m3,,1,1.0,1.0
916,GIARDINI MARGHERITA,19/07/2018,20/07/2018,FAI SWAM 5A,11.0,ug/m3,,1,1.0,1.0
917,GIARDINI MARGHERITA,20/07/2018,21/07/2018,FAI SWAM 5A,12.0,ug/m3,,1,1.0,1.0
918,GIARDINI MARGHERITA,21/07/2018,22/07/2018,FAI SWAM 5A,12.0,ug/m3,,1,1.0,1.0
919,GIARDINI MARGHERITA,22/07/2018,23/07/2018,FAI SWAM 5A,10.0,ug/m3,,1,1.0,1.0
920,GIARDINI MARGHERITA,23/07/2018,24/07/2018,FAI SWAM 5A,7.0,ug/m3,,1,1.0,1.0
921,GIARDINI MARGHERITA,24/07/2018,25/07/2018,FAI SWAM 5A,11.0,ug/m3,,1,1.0,1.0
922,GIARDINI MARGHERITA,25/07/2018,26/07/2018,FAI SWAM 5A,10.0,ug/m3,,1,1.0,1.0
923,GIARDINI MARGHERITA,26/07/2018,27/07/2018,FAI SWAM 5A,13.0,ug/m3,,1,1.0,1.0
924,GIARDINI MARGHERITA,27/07/2018,28/07/2018,FAI SWAM 5A,12.0,ug/m3,,1,1.0,1.0
925,GIARDINI MARGHERITA,28/07/2018,29/07/2018,FAI SWAM 5A,10.0,ug/m3,,1,1.0,1.0
926,GIARDINI MARGHERITA,29/07/2018,30/07/2018,FAI SWAM 5A,16.0,ug/m3,,1,1.0,1.0
927,GIARDINI MARGHERITA,30/07/2018,31/07/2018,FAI SWAM 5A,16.0,ug/m3,,1,1.0,1.0
928,GIARDINI MARGHERITA,31/07/2018,01/08/2018,FAI SWAM 5A,14.0,ug/m3,,1,1.0,1.0
929,GIARDINI MARGHERITA,01/08/2018,02/08/2018,FAI SWAM 5A,15.0,ug/m3,,1,1.0,1.0
930,GIARDINI MARGHERITA,02/08/2018,03/08/2018,FAI SWAM 5A,15.0,ug/m3,,1,1.0,1.0
931,GIARDINI MARGHERITA,03/08/2018,04/08/2018,FAI SWAM 5A,13.0,ug/m3,,1,1.0,1.0
932,GIARDINI MARGHERITA,04/08/2018,05/08/2018,FAI SWAM 5A,12.0,ug/m3,,1,1.0,1.0
933,GIARDINI MARGHERITA,05/08/2018,06/08/2018,FAI SWAM 5A,12.0,ug/m3,,1,1.0,1.0
934,GIARDINI MARGHERITA,06/08/2018,07/08/2018,FAI SWAM 5A,13.0,ug/m3,,1,1.0,1.0
935,GIARDINI MARGHERITA,07/08/2018,08/08/2018,FAI SWAM 5A,13.0,ug/m3,,1,1.0,1.0
936,GIARDINI MARGHERITA,08/08/2018,09/08/2018,FAI SWAM 5A,10.0,ug/m3,,1,1.0,1.0
937,GIARDINI MARGHERITA,09/08/2018,10/08/2018,FAI SWAM 5A,13.0,ug/m3,,1,1.0,1.0
938,GIARDINI MARGHERITA,10/08/2018,11/08/2018,FAI SWAM 5A,13.0,ug/m3,,1,1.0,1.0
939,GIARDINI MARGHERITA,11/08/2018,12/08/2018,FAI SWAM 5A,5.0,ug/m3,,1,1.0,1.0
940,GIARDINI MARGHERITA,12/08/2018,13/08/2018,FAI SWAM 5A,11.0,ug/m3,,1,1.0,1.0
941,GIARDINI MARGHERITA,13/08/2018,14/08/2018,FAI SWAM 5A,10.0,ug/m3,,1,1.0,1.0
942,GIARDINI MARGHERITA,14/08/2018,15/08/2018,FAI SWAM 5A,6.0,ug/m3,,1,1.0,1.0
943,GIARDINI MARGHERITA,15/08/2018,16/08/2018,FAI SWAM 5A,5.0,ug/m3,,1,1.0,1.0
944,GIARDINI MARGHERITA,16/08/2018,17/08/2018,FAI SWAM 5A,5.0,ug/m3,,1,1.0,1.0
945,GIARDINI MARGHERITA,17/08/2018,18/08/2018,FAI SWAM 5A,7.0,ug/m3,,1,1.0,1.0
946,GIARDINI MARGHERITA,18/08/2018,19/08/2018,FAI SWAM 5A,9.0,ug/m3,,1,1.0,1.0
947,GIARDINI MARGHERITA,19/08/2018,20/08/2018,FAI SWAM 5A,15.0,ug/m3,,1,1.0,1.0
948,GIARDINI MARGHERITA,20/08/2018,21/08/2018,FAI SWAM 5A,16.0,ug/m3,,1,1.0,1.0
949,GIARDINI MARGHERITA,21/08/2018,22/08/2018,FAI SWAM 5A,13.0,ug/m3,,1,1.0,1.0
950,GIARDINI MARGHERITA,22/08/2018,23/08/2018,FAI SWAM 5A,13.0,ug/m3,,1,1.0,1.0
951,GIARDINI MARGHERITA,23/08/2018,24/08/2018,FAI SWAM 5A,13.0,ug/m3,,1,1.0,1.0
952,GIARDINI MARGHERITA,24/08/2018,25/08/2018,FAI SWAM 5A,15.0,ug/m3,,1,1.0,1.0
953,GIARDINI MARGHERITA,25/08/2018,26/08/2018,FAI SWAM 5A,11.0,ug/m3,,1,1.0,1.0
954,GIARDINI MARGHERITA,26/08/2018,27/08/2018,FAI SWAM 5A,1.0,ug/m3,,1,1.0,1.0
955,GIARDINI MARGHERITA,27/08/2018,28/08/2018,FAI SWAM 5A,3.0,ug/m3,,1,1.0,1.0
956,GIARDINI MARGHERITA,28/08/2018,29/08/2018,FAI SWAM 5A,7.0,ug/m3,,1,1.0,1.0
957,GIARDINI MARGHERITA,29/08/2018,30/08/2018,FAI SWAM 5A,7.0,ug/m3,,1,1.0,1.0
958,GIARDINI MARGHERITA,30/08/2018,31/08/2018,FAI SWAM 5A,11.0,ug/m3,,1,1.0,1.0
959,GIARDINI MARGHERITA,31/08/2018,01/09/2018,FAI SWAM 5A,9.0,ug/m3,,1,1.0,1.0
960,GIARDINI MARGHERITA,01/09/2018,02/09/2018,FAI SWAM 5A,5.0,ug/m3,,1,1.0,1.0
961,GIARDINI MARGHERITA,02/09/2018,03/09/2018,FAI SWAM 5A,5.0,ug/m3,,1,1.0,1.0
962,GIARDINI MARGHERITA,03/09/2018,04/09/2018,FAI SWAM 5A,6.0,ug/m3,,1,1.0,1.0
963,GIARDINI MARGHERITA,04/09/2018,05/09/2018,FAI SWAM 5A,6.0,ug/m3,,1,1.0,1.0
964,GIARDINI MARGHERITA,05/09/2018,06/09/2018,FAI SWAM 5A,7.0,ug/m3,,1,1.0,1.0
965,GIARDINI MARGHERITA,06/09/2018,07/09/2018,FAI SWAM 5A,9.0,ug/m3,,1,1.0,1.0
966,GIARDINI MARGHERITA,07/09/2018,08/09/2018,FAI SWAM 5A,10.0,ug/m3,,1,1.0,1.0
967,GIARDINI MARGHERITA,08/09/2018,09/09/2018,FAI SWAM 5A,10.0,ug/m3,,1,1.0,1.0
968,GIARDINI MARGHERITA,09/09/2018,10/09/2018,FAI SWAM 5A,9.0,ug/m3,,1,1.0,1.0
969,GIARDINI MARGHERITA,10/09/2018,11/09/2018,FAI SWAM 5A,9.0,ug/m3,,1,1.0,1.0
970,GIARDINI MARGHERITA,11/09/2018,12/09/2018,FAI SWAM 5A,11.0,ug/m3,,1,1.0,1.0
971,GIARDINI MARGHERITA,12/09/2018,13/09/2018,FAI SWAM 5A,14.0,ug/m3,,1,1.0,1.0
972,GIARDINI MARGHERITA,13/09/2018,14/09/2018,FAI SWAM 5A,13.0,ug/m3,,1,1.0,1.0
973,GIARDINI MARGHERITA,14/09/2018,15/09/2018,FAI SWAM 5A,13.0,ug/m3,,1,1.0,1.0
974,GIARDINI MARGHERITA,15/09/2018,16/09/2018,FAI SWAM 5A,12.0,ug/m3,,1,1.0,1.0
975,GIARDINI MARGHERITA,16/09/2018,17/09/2018,FAI SWAM 5A,12.0,ug/m3,,1,1.0,1.0
976,GIARDINI MARGHERITA,17/09/2018,18/09/2018,FAI SWAM 5A,15.0,ug/m3,,1,1.0,1.0
977,GIARDINI MARGHERITA,18/09/2018,19/09/2018,FAI SWAM 5A,,ug/m3,,-2,-2.0,-5.0
978,GIARDINI MARGHERITA,19/09/2018,20/09/2018,FAI SWAM 5A,12.0,ug/m3,,1,1.0,1.0
979,GIARDINI MARGHERITA,20/09/2018,21/09/2018,FAI SWAM 5A,12.0,ug/m3,,1,1.0,1.0
980,GIARDINI MARGHERITA,21/09/2018,22/09/2018,FAI SWAM 5A,14.0,ug/m3,,1,1.0,1.0
981,GIARDINI MARGHERITA,22/09/2018,23/09/2018,FAI SWAM 5A,15.0,ug/m3,,1,1.0,1.0
982,GIARDINI MARGHERITA,23/09/2018,24/09/2018,FAI SWAM 5A,9.0,ug/m3,,1,1.0,1.0
983,GIARDINI MARGHERITA,24/09/2018,25/09/2018,FAI SWAM 5A,6.0,ug/m3,,1,1.0,1.0
984,GIARDINI MARGHERITA,25/09/2018,26/09/2018,FAI SWAM 5A,6.0,ug/m3,,1,1.0,1.0
985,GIARDINI MARGHERITA,26/09/2018,27/09/2018,FAI SWAM 5A,6.0,ug/m3,,1,1.0,1.0
986,GIARDINI MARGHERITA,27/09/2018,28/09/2018,FAI SWAM 5A,9.0,ug/m3,,1,1.0,1.0
987,GIARDINI MARGHERITA,28/09/2018,29/09/2018,FAI SWAM 5A,14.0,ug/m3,,1,1.0,1.0
988,GIARDINI MARGHERITA,29/09/2018,30/09/2018,FAI SWAM 5A,13.0,ug/m3,,1,1.0,1.0
989,GIARDINI MARGHERITA,30/09/2018,01/10/2018,FAI SWAM 5A,6.0,ug/m3,,1,1.0,1.0
990,GIARDINI MARGHERITA,01/10/2018,02/10/2018,FAI SWAM 5A,10.0,ug/m3,,1,1.0,1.0
991,GIARDINI MARGHERITA,02/10/2018,03/10/2018,FAI SWAM 5A,2.0,ug/m3,,1,1.0,1.0
992,GIARDINI MARGHERITA,03/10/2018,04/10/2018,FAI SWAM 5A,6.0,ug/m3,,1,1.0,1.0
993,GIARDINI MARGHERITA,04/10/2018,05/10/2018,FAI SWAM 5A,8.0,ug/m3,,1,1.0,1.0
994,GIARDINI MARGHERITA,05/10/2018,06/10/2018,FAI SWAM 5A,11.0,ug/m3,,1,1.0,1.0
995,GIARDINI MARGHERITA,06/10/2018,07/10/2018,FAI SWAM 5A,18.0,ug/m3,,1,1.0,1.0
996,GIARDINI MARGHERITA,07/10/2018,08/10/2018,FAI SWAM 5A,16.0,ug/m3,,1,1.0,1.0
997,GIARDINI MARGHERITA,08/10/2018,09/10/2018,FAI SWAM 5A,16.0,ug/m3,,1,1.0,1.0
998,GIARDINI MARGHERITA,09/10/2018,10/10/2018,FAI SWAM 5A,21.0,ug/m3,,1,1.0,1.0
999,GIARDINI MARGHERITA,10/10/2018,11/10/2018,FAI SWAM 5A,29.0,ug/m3,,1,1.0,1.0
1000,GIARDINI MARGHERITA,11/10/2018,12/10/2018,FAI SWAM 5A,38.0,ug/m3,,1,1.0,1.0
1001,GIARDINI MARGHERITA,12/10/2018,13/10/2018,FAI SWAM 5A,35.0,ug/m3,,1,1.0,1.0
1002,GIARDINI MARGHERITA,13/10/2018,14/10/2018,FAI SWAM 5A,35.0,ug/m3,,1,1.0,1.0
1003,GIARDINI MARGHERITA,14/10/2018,15/10/2018,FAI SWAM 5A,31.0,ug/m3,,1,1.0,1.0
1004,GIARDINI MARGHERITA,15/10/2018,16/10/2018,FAI SWAM 5A,26.0,ug/m3,,1,1.0,1.0
1005,GIARDINI MARGHERITA,16/10/2018,17/10/2018,FAI SWAM 5A,29.0,ug/m3,,1,1.0,1.0
1006,GIARDINI MARGHERITA,17/10/2018,18/10/2018,FAI SWAM 5A,37.0,ug/m3,,1,1.0,1.0
1007,GIARDINI MARGHERITA,18/10/2018,19/10/2018,FAI SWAM 5A,27.0,ug/m3,,1,1.0,1.0
1008,GIARDINI MARGHERITA,19/10/2018,20/10/2018,FAI SWAM 5A,35.0,ug/m3,,1,1.0,1.0
1009,GIARDINI MARGHERITA,20/10/2018,21/10/2018,FAI SWAM 5A,34.0,ug/m3,,1,1.0,1.0
1010,GIARDINI MARGHERITA,21/10/2018,22/10/2018,FAI SWAM 5A,20.0,ug/m3,,1,1.0,1.0
1011,GIARDINI MARGHERITA,22/10/2018,23/10/2018,FAI SWAM 5A,7.0,ug/m3,,1,1.0,1.0
1012,GIARDINI MARGHERITA,23/10/2018,24/10/2018,FAI SWAM 5A,12.0,ug/m3,,1,1.0,1.0
1013,GIARDINI MARGHERITA,24/10/2018,25/10/2018,FAI SWAM 5A,11.0,ug/m3,,1,1.0,1.0
1014,GIARDINI MARGHERITA,25/10/2018,26/10/2018,FAI SWAM 5A,14.0,ug/m3,,1,1.0,1.0
1015,GIARDINI MARGHERITA,26/10/2018,27/10/2018,FAI SWAM 5A,12.0,ug/m3,,1,1.0,1.0
1016,GIARDINI MARGHERITA,27/10/2018,28/10/2018,FAI SWAM 5A,8.0,ug/m3,,1,1.0,1.0
1017,GIARDINI MARGHERITA,28/10/2018,29/10/2018,FAI SWAM 5A,5.0,ug/m3,,1,1.0,1.0
1018,GIARDINI MARGHERITA,29/10/2018,30/10/2018,FAI SWAM 5A,6.0,ug/m3,,1,1.0,1.0
1019,GIARDINI MARGHERITA,30/10/2018,31/10/2018,FAI SWAM 5A,2.0,ug/m3,,1,1.0,1.0
1020,GIARDINI MARGHERITA,31/10/2018,01/11/2018,FAI SWAM 5A,4.0,ug/m3,,1,1.0,1.0
1021,GIARDINI MARGHERITA,01/11/2018,02/11/2018,FAI SWAM 5A,4.0,ug/m3,,1,1.0,1.0
1022,GIARDINI MARGHERITA,02/11/2018,03/11/2018,FAI SWAM 5A,11.0,ug/m3,,1,1.0,1.0
1023,GIARDINI MARGHERITA,03/11/2018,04/11/2018,FAI SWAM 5A,11.0,ug/m3,,1,1.0,1.0
1024,GIARDINI MARGHERITA,04/11/2018,05/11/2018,FAI SWAM 5A,12.0,ug/m3,,1,1.0,1.0
1025,GIARDINI MARGHERITA,05/11/2018,06/11/2018,FAI SWAM 5A,9.0,ug/m3,,1,1.0,1.0
1026,GIARDINI MARGHERITA,06/11/2018,07/11/2018,FAI SWAM 5A,7.0,ug/m3,,1,1.0,1.0
1027,GIARDINI MARGHERITA,07/11/2018,08/11/2018,FAI SWAM 5A,7.0,ug/m3,,1,1.0,1.0
1028,GIARDINI MARGHERITA,08/11/2018,09/11/2018,FAI SWAM 5A,4.0,ug/m3,,1,1.0,1.0
1029,GIARDINI MARGHERITA,09/11/2018,10/11/2018,FAI SWAM 5A,19.0,ug/m3,,1,1.0,1.0
1030,GIARDINI MARGHERITA,10/11/2018,11/11/2018,FAI SWAM 5A,18.0,ug/m3,,1,1.0,1.0
1031,GIARDINI MARGHERITA,11/11/2018,12/11/2018,FAI SWAM 5A,25.0,ug/m3,,1,1.0,1.0
1032,GIARDINI MARGHERITA,12/11/2018,13/11/2018,FAI SWAM 5A,23.0,ug/m3,,1,1.0,1.0
1033,GIARDINI MARGHERITA,13/11/2018,14/11/2018,FAI SWAM 5A,16.0,ug/m3,,1,1.0,1.0
1034,GIARDINI MARGHERITA,14/11/2018,15/11/2018,FAI SWAM 5A,28.0,ug/m3,,1,1.0,1.0
1035,GIARDINI MARGHERITA,15/11/2018,16/11/2018,FAI SWAM 5A,24.0,ug/m3,,1,1.0,1.0
1036,GIARDINI MARGHERITA,16/11/2018,17/11/2018,FAI SWAM 5A,14.0,ug/m3,,1,1.0,1.0
1037,GIARDINI MARGHERITA,17/11/2018,18/11/2018,FAI SWAM 5A,13.0,ug/m3,,1,1.0,1.0
1038,GIARDINI MARGHERITA,18/11/2018,19/11/2018,FAI SWAM 5A,16.0,ug/m3,,1,1.0,1.0
1039,GIARDINI MARGHERITA,19/11/2018,20/11/2018,FAI SWAM 5A,16.0,ug/m3,,1,1.0,1.0
1040,GIARDINI MARGHERITA,20/11/2018,21/11/2018,FAI SWAM 5A,8.0,ug/m3,,1,1.0,1.0
1041,GIARDINI MARGHERITA,21/11/2018,22/11/2018,FAI SWAM 5A,13.0,ug/m3,,1,1.0,1.0
1042,GIARDINI MARGHERITA,22/11/2018,23/11/2018,FAI SWAM 5A,16.0,ug/m3,,1,1.0,1.0
1043,GIARDINI MARGHERITA,23/11/2018,24/11/2018,FAI SWAM 5A,22.0,ug/m3,,1,1.0,1.0
1044,GIARDINI MARGHERITA,24/11/2018,25/11/2018,FAI SWAM 5A,11.0,ug/m3,,1,1.0,1.0
1045,GIARDINI MARGHERITA,25/11/2018,26/11/2018,FAI SWAM 5A,9.0,ug/m3,,1,1.0,1.0
1046,GIARDINI MARGHERITA,26/11/2018,27/11/2018,FAI SWAM 5A,8.0,ug/m3,,1,1.0,1.0
1047,GIARDINI MARGHERITA,27/11/2018,28/11/2018,FAI SWAM 5A,19.0,ug/m3,,1,1.0,1.0
1048,GIARDINI MARGHERITA,28/11/2018,29/11/2018,FAI SWAM 5A,9.0,ug/m3,,1,1.0,1.0
1049,GIARDINI MARGHERITA,29/11/2018,30/11/2018,FAI SWAM 5A,14.0,ug/m3,,1,1.0,1.0
1050,GIARDINI MARGHERITA,30/11/2018,01/12/2018,FAI SWAM 5A,31.0,ug/m3,,1,1.0,1.0
1051,GIARDINI MARGHERITA,01/12/2018,02/12/2018,FAI SWAM 5A,43.0,ug/m3,,1,1.0,1.0
1052,GIARDINI MARGHERITA,02/12/2018,03/12/2018,FAI SWAM 5A,52.0,ug/m3,,1,1.0,1.0
1053,GIARDINI MARGHERITA,03/12/2018,04/12/2018,FAI SWAM 5A,,ug/m3,,-1,-3.0,-3.0
1054,GIARDINI MARGHERITA,04/12/2018,05/12/2018,FAI SWAM 5A,,ug/m3,,-1,-3.0,-3.0
1055,GIARDINI MARGHERITA,05/12/2018,06/12/2018,FAI SWAM 5A,37.0,ug/m3,,1,1.0,1.0
1056,GIARDINI MARGHERITA,06/12/2018,07/12/2018,FAI SWAM 5A,36.0,ug/m3,,1,1.0,1.0
1057,GIARDINI MARGHERITA,07/12/2018,08/12/2018,FAI SWAM 5A,10.0,ug/m3,,1,1.0,1.0
1058,GIARDINI MARGHERITA,08/12/2018,09/12/2018,FAI SWAM 5A,12.0,ug/m3,,1,1.0,1.0
1059,GIARDINI MARGHERITA,09/12/2018,10/12/2018,FAI SWAM 5A,14.0,ug/m3,,1,1.0,1.0
1060,GIARDINI MARGHERITA,10/12/2018,11/12/2018,FAI SWAM 5A,5.0,ug/m3,,1,1.0,1.0
1061,GIARDINI MARGHERITA,11/12/2018,12/12/2018,FAI SWAM 5A,5.0,ug/m3,,1,1.0,1.0
1062,GIARDINI MARGHERITA,12/12/2018,13/12/2018,FAI SWAM 5A,12.0,ug/m3,,1,1.0,1.0
1063,GIARDINI MARGHERITA,13/12/2018,14/12/2018,FAI SWAM 5A,27.0,ug/m3,,1,1.0,1.0
1064,GIARDINI MARGHERITA,14/12/2018,15/12/2018,FAI SWAM 5A,22.0,ug/m3,,1,1.0,1.0
1065,GIARDINI MARGHERITA,15/12/2018,16/12/2018,FAI SWAM 5A,20.0,ug/m3,,1,1.0,1.0
1066,GIARDINI MARGHERITA,16/12/2018,17/12/2018,FAI SWAM 5A,24.0,ug/m3,,1,1.0,1.0
1067,GIARDINI MARGHERITA,17/12/2018,18/12/2018,FAI SWAM 5A,,ug/m3,,-2,-2.0,-2.0
1068,GIARDINI MARGHERITA,18/12/2018,19/12/2018,FAI SWAM 5A,33.0,ug/m3,,1,1.0,1.0
1069,GIARDINI MARGHERITA,19/12/2018,20/12/2018,FAI SWAM 5A,46.0,ug/m3,,1,1.0,1.0
1070,GIARDINI MARGHERITA,20/12/2018,21/12/2018,FAI SWAM 5A,33.0,ug/m3,,1,1.0,1.0
1071,GIARDINI MARGHERITA,21/12/2018,22/12/2018,FAI SWAM 5A,24.0,ug/m3,,1,1.0,1.0
1072,GIARDINI MARGHERITA,22/12/2018,23/12/2018,FAI SWAM 5A,25.0,ug/m3,,1,1.0,1.0
1073,GIARDINI MARGHERITA,23/12/2018,24/12/2018,FAI SWAM 5A,12.0,ug/m3,,1,1.0,1.0
1074,GIARDINI MARGHERITA,24/12/2018,25/12/2018,FAI SWAM 5A,13.0,ug/m3,,1,1.0,1.0
1075,GIARDINI MARGHERITA,25/12/2018,26/12/2018,FAI SWAM 5A,14.0,ug/m3,,1,1.0,1.0
1076,GIARDINI MARGHERITA,26/12/2018,27/12/2018,FAI SWAM 5A,16.0,ug/m3,,1,1.0,1.0
1077,GIARDINI MARGHERITA,27/12/2018,28/12/2018,FAI SWAM 5A,23.0,ug/m3,,1,1.0,1.0
1078,GIARDINI MARGHERITA,28/12/2018,29/12/2018,FAI SWAM 5A,18.0,ug/m3,,1,1.0,1.0
1079,GIARDINI MARGHERITA,29/12/2018,30/12/2018,FAI SWAM 5A,23.0,ug/m3,,1,1.0,1.0
1080,GIARDINI MARGHERITA,30/12/2018,31/12/2018,FAI SWAM 5A,29.0,ug/m3,,1,1.0,1.0
1081,GIARDINI MARGHERITA,31/12/2018,01/01/2019,FAI SWAM 5A,18.0,ug/m3,,1,1.0,1.0
1082,GIARDINI MARGHERITA,01/01/2019,02/01/2019,FAI SWAM 5A,48.0,ug/m3,,1,1.0,1.0
1083,GIARDINI MARGHERITA,02/01/2019,03/01/2019,FAI SWAM 5A,37.0,ug/m3,,1,1.0,1.0
1084,GIARDINI MARGHERITA,03/01/2019,04/01/2019,FAI SWAM 5A,11.0,ug/m3,,1,1.0,1.0
